id;session_id;multiplier;win_15;win_20;avg_15;avg_20;ev_15;ev_20;signal;ev_15_2.0;ev_20_2.0;;
1;S1;1.04;0;0;;;;;;;;;
2;S1;1.65;1;0;;;;;;;;;
3;S1;2.07;1;1;;;;;;;;;
4;S1;3.53;1;1;;;;;;;;;
5;S1;2.18;1;1;;;;;;;;;
6;S1;1.72;1;0;;;;;;;;;
7;S1;1.01;0;0;;;;;;;;;
8;S1;1.03;0;0;;;;;;;;;
9;S1;7.03;1;1;;;;;;;;;
10;S1;1.43;0;0;;;;;;;;;
11;S1;1.07;0;0;;;;;;;;;
12;S1;1.16;0;0;;;;;;;;;
13;S1;1.69;1;0;;;;;;;;;
14;S1;3.25;1;1;;;;;;;;;
15;S1;6.26;1;1;53%;;-20%;;;7%;;;
16;S1;1.8;1;0;47%;;-30%;;;-7%;;;
17;S1;3.67;1;1;47%;;-30%;;;-7%;;;
18;S1;1.19;0;0;40%;;-40%;;;-20%;;;
19;S1;1.09;0;0;47%;;-30%;;;-7%;;;
20;S1;1.22;0;0;53%;60%;-20%;-10%;;7%;20%;;
21;S1;14.73;1;1;60%;60%;-10%;-10%;;20%;20%;;
22;S1;2.94;1;1;60%;60%;-10%;-10%;;20%;20%;;
23;S1;1.13;0;0;60%;55%;-10%;-18%;;20%;10%;;
24;S1;1;0;0;67%;60%;0%;-10%;1;33%;20%;;winrate real
25;S1;1.72;1;0;73%;65%;10%;-3%;1;47%;30%;;63%
26;S1;4.06;1;1;73%;65%;10%;-3%;1;47%;30%;;# señales
27;S1;1.21;0;0;73%;65%;10%;-3%;1;47%;30%;;100
28;S1;6.64;1;1;80%;65%;20%;-3%;1;60%;30%;;winrate sin filtro
29;S1;1.2;0;0;80%;65%;20%;-3%;1;60%;30%;;49%
30;S1;1.34;0;0;87%;70%;30%;5%;1;73%;40%;;
31;S1;3.75;1;1;87%;75%;30%;13%;1;73%;50%;;
32;S1;1.08;0;0;87%;70%;30%;5%;1;73%;40%;;
33;S1;4.25;1;1;87%;70%;30%;5%;1;73%;40%;;
34;S1;2.55;1;1;87%;65%;30%;-3%;1;73%;30%;;
35;S1;2.34;1;1;87%;60%;30%;-10%;1;73%;20%;;
36;S1;60.91;1;1;87%;60%;30%;-10%;1;73%;20%;;
37;S1;15.73;1;1;80%;60%;20%;-10%;1;60%;20%;;
38;S1;6.4;1;1;73%;55%;10%;-18%;1;47%;10%;;
39;S1;2.32;1;1;67%;50%;0%;-25%;0;33%;0%;;
40;S1;1.9;1;0;60%;50%;-10%;-25%;0;20%;0%;;
41;S1;3.77;1;1;60%;55%;-10%;-18%;1;20%;10%;;
42;S1;1.76;1;0;60%;50%;-10%;-25%;0;20%;0%;;
43;S1;2.72;1;1;53%;55%;-20%;-18%;0;7%;10%;;
44;S1;7.8;1;1;47%;55%;-30%;-18%;0;-7%;10%;;
45;S1;1.37;0;0;47%;50%;-30%;-25%;0;-7%;0%;;
46;S1;11.05;1;1;53%;55%;-20%;-18%;0;7%;10%;;
47;S1;1.48;0;0;47%;50%;-30%;-25%;0;-7%;0%;;
48;S1;6.27;1;1;53%;55%;-20%;-18%;0;7%;10%;;
49;S1;7.53;1;1;53%;50%;-20%;-25%;0;7%;0%;;
50;S1;6.77;1;1;53%;50%;-20%;-25%;0;7%;0%;;
51;S1;1.05;0;0;53%;50%;-20%;-25%;0;7%;0%;;
52;S1;1.05;0;0;60%;50%;-10%;-25%;0;20%;0%;;
53;S1;1.35;0;0;67%;50%;0%;-25%;0;33%;0%;;
54;S1;1.2;0;0;67%;50%;0%;-25%;0;33%;0%;;
55;S1;6.24;1;1;73%;50%;10%;-25%;0;47%;0%;;
56;S1;2.98;1;1;73%;45%;10%;-33%;0;47%;-10%;;
57;S1;1.04;0;0;67%;40%;0%;-40%;0;33%;-20%;;
58;S1;1.35;0;0;73%;40%;10%;-40%;0;47%;-20%;;
59;S1;8.45;1;1;73%;40%;10%;-40%;0;47%;-20%;;
60;S1;2.22;1;1;67%;35%;0%;-48%;0;33%;-30%;;
61;S1;1;0;0;60%;35%;-10%;-48%;0;20%;-30%;;
62;S1;4.61;1;1;67%;40%;0%;-40%;0;33%;-20%;;
63;S1;4.42;1;1;60%;40%;-10%;-40%;0;20%;-20%;;
64;S1;1.99;1;0;53%;40%;-20%;-40%;0;7%;-20%;;
65;S1;2.02;1;1;53%;45%;-20%;-33%;0;7%;-10%;;
66;S1;1.9;1;0;53%;45%;-20%;-33%;0;7%;-10%;;
67;S1;3.36;1;1;53%;50%;-20%;-25%;0;7%;0%;;
68;S1;1.16;0;0;53%;50%;-20%;-25%;0;7%;0%;;
69;S1;17.18;1;1;60%;55%;-10%;-18%;1;20%;10%;;
70;S1;51.65;1;1;60%;55%;-10%;-18%;1;20%;10%;;
71;S1;1.41;0;0;60%;55%;-10%;-18%;1;20%;10%;;
72;S1;1.53;1;0;67%;60%;0%;-10%;1;33%;20%;;
73;S1;1.01;0;0;67%;60%;0%;-10%;1;33%;20%;;
74;S1;1.2;0;0;73%;60%;10%;-10%;1;47%;20%;;
75;S1;1.41;0;0;80%;60%;20%;-10%;1;60%;20%;;
76;S1;1.52;1;0;87%;60%;30%;-10%;1;73%;20%;;
77;S1;1.14;0;0;87%;60%;30%;-10%;1;73%;20%;;
78;S1;1.4;0;0;87%;60%;30%;-10%;1;73%;20%;;
79;S1;1.77;1;0;93%;60%;40%;-10%;1;87%;20%;;
80;S1;2.15;1;1;87%;60%;30%;-10%;1;73%;20%;;
81;S1;3.09;1;1;87%;60%;30%;-10%;1;73%;20%;;
82;S1;2.54;1;1;80%;55%;20%;-18%;1;60%;10%;;
83;S1;2.32;1;1;73%;50%;10%;-25%;0;47%;0%;;
84;S1;299.41;1;1;67%;50%;0%;-25%;0;33%;0%;;
85;S1;6.29;1;1;67%;50%;0%;-25%;0;33%;0%;;
86;S1;6.84;1;1;67%;50%;0%;-25%;0;33%;0%;;
87;S1;2.9;1;1;60%;45%;-10%;-33%;0;20%;-10%;;
88;S1;13.63;1;1;53%;40%;-20%;-40%;0;7%;-20%;;
89;S1;4.14;1;1;53%;40%;-20%;-40%;0;7%;-20%;;
90;S1;2.2;1;1;53%;35%;-20%;-48%;0;7%;-30%;;
91;S1;3.42;1;1;53%;35%;-20%;-48%;0;7%;-30%;;
92;S1;1.29;0;0;53%;35%;-20%;-48%;0;7%;-30%;;
93;S1;1.7;1;0;53%;35%;-20%;-48%;0;7%;-30%;;
94;S1;1.06;0;0;53%;35%;-20%;-48%;0;7%;-30%;;
95;S1;1.88;1;0;53%;35%;-20%;-48%;0;7%;-30%;;
96;S1;1.3;0;0;53%;40%;-20%;-40%;0;7%;-20%;;
97;S1;1.08;0;0;60%;40%;-10%;-40%;0;20%;-20%;;
98;S1;1;0;0;67%;40%;0%;-40%;0;33%;-20%;;
99;S1;1.95;1;0;67%;45%;0%;-33%;0;33%;-10%;;
100;S1;2.67;1;1;60%;45%;-10%;-33%;0;20%;-10%;;
101;S1;1.34;0;0;60%;45%;-10%;-33%;0;20%;-10%;;
102;S1;1.32;0;0;60%;50%;-10%;-25%;0;20%;0%;;
103;S1;2.11;1;1;67%;55%;0%;-18%;1;33%;10%;;
104;S1;7.61;1;1;67%;50%;0%;-25%;0;33%;0%;;
105;S1;5.38;1;1;60%;50%;-10%;-25%;0;20%;0%;;
106;S1;1.87;1;0;60%;45%;-10%;-33%;0;20%;-10%;;
107;S1;1.13;0;0;60%;50%;-10%;-25%;0;20%;0%;;
108;S1;4;1;1;67%;55%;0%;-18%;1;33%;10%;;
109;S1;1.12;0;0;67%;55%;0%;-18%;1;33%;10%;;
110;S1;7;1;1;73%;55%;10%;-18%;1;47%;10%;;
111;S1;3.19;1;1;67%;50%;0%;-25%;0;33%;0%;;
112;S1;1.94;1;0;67%;45%;0%;-33%;0;33%;-10%;;
113;S1;1.12;0;0;67%;45%;0%;-33%;0;33%;-10%;;
114;S1;1.32;0;0;73%;45%;10%;-33%;0;47%;-10%;;
115;S1;8.83;1;1;73%;45%;10%;-33%;0;47%;-10%;;
116;S1;1.41;0;0;73%;40%;10%;-40%;0;47%;-20%;;
117;S1;1.97;1;0;73%;40%;10%;-40%;0;47%;-20%;;
118;S1;2.49;1;1;67%;40%;0%;-40%;0;33%;-20%;;
119;S1;1.23;0;0;60%;35%;-10%;-48%;0;20%;-30%;;
120;S1;4.62;1;1;60%;35%;-10%;-48%;0;20%;-30%;;
121;S1;5.96;1;1;53%;30%;-20%;-55%;0;7%;-40%;;
122;S1;2.15;1;1;53%;25%;-20%;-63%;0;7%;-50%;;
123;S1;1.64;1;0;47%;25%;-30%;-63%;0;-7%;-50%;;
124;S1;58.54;1;1;47%;25%;-30%;-63%;0;-7%;-50%;;
125;S1;1.42;0;0;40%;20%;-40%;-70%;0;-20%;-60%;;
126;S1;4.46;1;1;40%;25%;-40%;-63%;0;-20%;-50%;;
127;S1;10.41;1;1;33%;20%;-50%;-70%;0;-33%;-60%;;
128;S1;2.03;1;1;33%;15%;-50%;-78%;0;-33%;-70%;;
129;S1;1;0;0;27%;15%;-60%;-78%;0;-47%;-70%;;
130;S1;1.74;1;0;27%;15%;-60%;-78%;0;-47%;-70%;;
131;S1;1.05;0;0;27%;20%;-60%;-70%;0;-47%;-60%;;
132;S1;1.16;0;0;27%;20%;-60%;-70%;0;-47%;-60%;;
133;S1;1.19;0;0;27%;20%;-60%;-70%;0;-47%;-60%;;
134;S1;1.45;0;0;33%;25%;-50%;-63%;0;-33%;-50%;;
135;S1;1.06;0;0;40%;30%;-40%;-55%;0;-20%;-40%;;
136;S1;1.66;1;0;47%;35%;-30%;-48%;0;-7%;-30%;;
137;S1;1.29;0;0;40%;40%;-40%;-40%;0;-20%;-20%;;
138;S1;1.72;1;0;47%;40%;-30%;-40%;0;-7%;-20%;;
139;S1;1.43;0;0;47%;45%;-30%;-33%;0;-7%;-10%;;
140;S1;1.33;0;0;53%;50%;-20%;-25%;0;7%;0%;;
141;S1;1.24;0;0;60%;55%;-10%;-18%;1;20%;10%;;
142;S1;2.39;1;1;67%;55%;0%;-18%;1;33%;10%;;
143;S1;1.17;0;0;67%;55%;0%;-18%;1;33%;10%;;
144;S1;1.19;0;0;73%;55%;10%;-18%;1;47%;10%;;
145;S1;2.31;1;1;80%;60%;20%;-10%;1;60%;20%;;
146;S1;1.24;0;0;80%;55%;20%;-18%;1;60%;10%;;
147;S1;1.33;0;0;80%;55%;20%;-18%;1;60%;10%;;
148;S1;3.72;1;1;87%;60%;30%;-10%;1;73%;20%;;
149;S1;1.91;1;0;80%;60%;20%;-10%;1;60%;20%;;
150;S1;10.7;1;1;80%;65%;20%;-3%;1;60%;30%;;
151;S1;1.04;0;0;73%;60%;10%;-10%;1;47%;20%;;
152;S1;1.67;1;0;73%;65%;10%;-3%;1;47%;30%;;
153;S1;4.95;1;1;73%;70%;10%;5%;1;47%;40%;;
154;S1;2.27;1;1;73%;70%;10%;5%;1;47%;40%;;
155;S1;3.52;1;1;73%;70%;10%;5%;1;47%;40%;;
156;S1;9.71;1;1;73%;65%;10%;-3%;1;47%;30%;;
157;S1;1.71;1;0;73%;65%;10%;-3%;1;47%;30%;;
158;S1;447.63;1;1;73%;70%;10%;5%;1;47%;40%;;
159;S1;3.45;1;1;73%;70%;10%;5%;1;47%;40%;;
160;S1;5;1;1;73%;70%;10%;5%;1;47%;40%;;
161;S1;1.21;0;0;73%;65%;10%;-3%;1;47%;30%;;
162;S1;7.43;1;1;80%;70%;20%;5%;1;60%;40%;;
163;S1;1.3;0;0;80%;70%;20%;5%;1;60%;40%;;
164;S1;2.44;1;1;87%;75%;30%;13%;1;73%;50%;;
165;S1;1.3;0;0;87%;70%;30%;5%;1;73%;40%;;
166;S1;1.23;0;0;87%;70%;30%;5%;1;73%;40%;;
167;S1;2.53;1;1;93%;70%;40%;5%;1;87%;40%;;
168;S1;5.74;1;1;93%;65%;40%;-3%;1;87%;30%;;
169;S1;5.49;1;1;93%;65%;40%;-3%;1;87%;30%;;
170;S1;1.54;1;0;87%;65%;30%;-3%;1;73%;30%;;
171;S1;2.44;1;1;80%;65%;20%;-3%;1;60%;30%;;
172;S1;2.54;1;1;73%;65%;10%;-3%;1;47%;30%;;
173;S1;3.88;1;1;73%;60%;10%;-10%;1;47%;20%;;
174;S1;2.44;1;1;73%;60%;10%;-10%;1;47%;20%;;
175;S1;1.5;1;0;73%;60%;10%;-10%;1;47%;20%;;
176;S1;2.42;1;1;67%;65%;0%;-3%;1;33%;30%;;
177;S1;2.85;1;1;67%;60%;0%;-10%;1;33%;20%;;
178;S1;3.56;1;1;60%;55%;-10%;-18%;1;20%;10%;;
179;S1;2;1;1;60%;50%;-10%;-25%;0;20%;0%;;
180;S1;1.14;0;0;60%;45%;-10%;-33%;0;20%;-10%;;
181;S1;10.22;1;1;67%;45%;0%;-33%;0;33%;-10%;;
182;S1;3.88;1;1;60%;45%;-10%;-33%;0;20%;-10%;;
183;S1;5.21;1;1;53%;45%;-20%;-33%;0;7%;-10%;;
184;S1;1;0;0;47%;40%;-30%;-40%;0;-7%;-20%;;
185;S1;1.22;0;0;47%;45%;-30%;-33%;0;-7%;-10%;;
186;S1;1.11;0;0;47%;50%;-30%;-25%;0;-7%;0%;;
187;S1;1.68;1;0;53%;55%;-20%;-18%;0;7%;10%;;
188;S1;3.56;1;1;53%;55%;-20%;-18%;0;7%;10%;;
189;S1;2.17;1;1;47%;50%;-30%;-25%;0;-7%;0%;;
190;S1;1.08;0;0;47%;50%;-30%;-25%;0;-7%;0%;;
191;S1;2.04;1;1;53%;55%;-20%;-18%;0;7%;10%;;
192;S1;1.44;0;0;53%;50%;-20%;-25%;0;7%;0%;;
193;S1;3.91;1;1;53%;50%;-20%;-25%;0;7%;0%;;
194;S1;15.81;1;1;53%;45%;-20%;-33%;0;7%;-10%;;
195;S1;4.99;1;1;53%;40%;-20%;-40%;0;7%;-20%;;
196;S1;1.45;0;0;53%;35%;-20%;-48%;0;7%;-30%;;
197;S1;1.39;0;0;60%;40%;-10%;-40%;0;20%;-20%;;
198;S1;1.01;0;0;60%;40%;-10%;-40%;0;20%;-20%;;
199;S1;1.19;0;0;67%;40%;0%;-40%;0;33%;-20%;;
200;S1;1.47;0;0;67%;40%;0%;-40%;0;33%;-20%;;
201;S2;6.96;1;1;67%;45%;0%;-33%;0;33%;-10%;;
202;S2;2.34;1;1;67%;45%;0%;-33%;0;33%;-10%;;
203;S2;1.48;0;0;60%;40%;-10%;-40%;0;20%;-20%;;
204;S2;6.5;1;1;60%;40%;-10%;-40%;0;20%;-20%;;
205;S2;8.31;1;1;53%;40%;-20%;-40%;0;7%;-20%;;
206;S2;27.02;1;1;53%;40%;-20%;-40%;0;7%;-20%;;
207;S2;1.45;0;0;53%;40%;-20%;-40%;0;7%;-20%;;
208;S2;1.56;1;0;60%;40%;-10%;-40%;0;20%;-20%;;
209;S2;2.79;1;1;53%;45%;-20%;-33%;0;7%;-10%;;
210;S2;3.91;1;1;53%;45%;-20%;-33%;0;7%;-10%;;
211;S2;1.6;1;0;53%;45%;-20%;-33%;0;7%;-10%;;
212;S2;1.11;0;0;53%;45%;-20%;-33%;0;7%;-10%;;
213;S2;1.89;1;0;53%;45%;-20%;-33%;0;7%;-10%;;
214;S2;1.31;0;0;53%;45%;-20%;-33%;0;7%;-10%;;
215;S2;1.21;0;0;60%;45%;-10%;-33%;0;20%;-10%;;
216;S2;7.5;1;1;67%;45%;0%;-33%;0;33%;-10%;;
217;S2;1.04;0;0;60%;45%;-10%;-33%;0;20%;-10%;;
218;S2;1.29;0;0;67%;45%;0%;-33%;0;33%;-10%;;
219;S2;1.38;0;0;67%;45%;0%;-33%;0;33%;-10%;;
220;S2;4.89;1;1;67%;50%;0%;-25%;0;33%;0%;;
221;S2;4.84;1;1;60%;50%;-10%;-25%;0;20%;0%;;
222;S2;1.76;1;0;60%;45%;-10%;-33%;0;20%;-10%;;
223;S2;1.45;0;0;53%;50%;-20%;-25%;0;7%;0%;;
224;S2;2.07;1;1;53%;50%;-20%;-25%;0;7%;0%;;
225;S2;2.03;1;1;53%;50%;-20%;-25%;0;7%;0%;;
226;S2;3.37;1;1;53%;50%;-20%;-25%;0;7%;0%;;
227;S2;1.12;0;0;47%;50%;-30%;-25%;0;-7%;0%;;
228;S2;2.67;1;1;53%;55%;-20%;-18%;0;7%;10%;;
229;S2;2.33;1;1;47%;50%;-30%;-25%;0;-7%;0%;;
230;S2;2.96;1;1;47%;50%;-30%;-25%;0;-7%;0%;;
231;S2;1.44;0;0;47%;45%;-30%;-33%;0;-7%;-10%;;
232;S2;1.78;1;0;53%;45%;-20%;-33%;0;7%;-10%;;
233;S2;1;0;0;53%;50%;-20%;-25%;0;7%;0%;;
234;S2;1.18;0;0;53%;50%;-20%;-25%;0;7%;0%;;
235;S2;1.16;0;0;60%;50%;-10%;-25%;0;20%;0%;;
236;S2;3.1;1;1;60%;55%;-10%;-18%;1;20%;10%;;
237;S2;1.11;0;0;60%;55%;-10%;-18%;1;20%;10%;;
238;S2;1.18;0;0;67%;55%;0%;-18%;1;33%;10%;;
239;S2;5.15;1;1;73%;60%;10%;-10%;1;47%;20%;;
240;S2;2.21;1;1;67%;55%;0%;-18%;1;33%;10%;;
241;S2;1.04;0;0;67%;55%;0%;-18%;1;33%;10%;;
242;S2;2.04;1;1;73%;55%;10%;-18%;1;47%;10%;;
243;S2;1.31;0;0;67%;50%;0%;-25%;0;33%;0%;;
244;S2;13.49;1;1;73%;50%;10%;-25%;0;47%;0%;;
245;S2;54.42;1;1;67%;50%;0%;-25%;0;33%;0%;;
246;S2;75.44;1;1;67%;45%;0%;-33%;0;33%;-10%;;
247;S2;4.82;1;1;67%;40%;0%;-40%;0;33%;-20%;;
248;S2;1.05;0;0;60%;35%;-10%;-48%;0;20%;-30%;;
249;S2;4.14;1;1;60%;40%;-10%;-40%;0;20%;-20%;;
250;S2;1.41;0;0;60%;35%;-10%;-48%;0;20%;-30%;;
251;S2;1.95;1;0;60%;35%;-10%;-48%;0;20%;-30%;;
252;S2;3.03;1;1;60%;35%;-10%;-48%;0;20%;-30%;;
253;S2;1.54;1;0;53%;35%;-20%;-48%;0;7%;-30%;;
254;S2;1.44;0;0;53%;35%;-20%;-48%;0;7%;-30%;;
255;S2;2.59;1;1;53%;35%;-20%;-48%;0;7%;-30%;;
256;S2;3.18;1;1;53%;30%;-20%;-55%;0;7%;-40%;;
257;S2;1.07;0;0;53%;25%;-20%;-63%;0;7%;-50%;;
258;S2;2.29;1;1;60%;30%;-10%;-55%;0;20%;-40%;;
259;S2;1.35;0;0;53%;30%;-20%;-55%;0;7%;-40%;;
260;S2;3.22;1;1;60%;30%;-10%;-55%;0;20%;-40%;;
261;S2;1.73;1;0;53%;30%;-20%;-55%;0;7%;-40%;;
262;S2;1.24;0;0;47%;30%;-30%;-55%;0;-7%;-40%;;
263;S2;1.43;0;0;53%;30%;-20%;-55%;0;7%;-40%;;
264;S2;3.34;1;1;60%;35%;-10%;-48%;0;20%;-30%;;
265;S2;1.11;0;0;53%;30%;-20%;-55%;0;7%;-40%;;
266;S2;1.98;1;0;60%;35%;-10%;-48%;0;20%;-30%;;
267;S2;1.3;0;0;53%;40%;-20%;-40%;0;7%;-20%;;
268;S2;2.92;1;1;60%;45%;-10%;-33%;0;20%;-10%;;
269;S2;1.47;0;0;60%;45%;-10%;-33%;0;20%;-10%;;
270;S2;1.63;1;0;67%;45%;0%;-33%;0;33%;-10%;;
271;S2;1.87;1;0;67%;45%;0%;-33%;0;33%;-10%;;
272;S2;2.18;1;1;67%;45%;0%;-33%;0;33%;-10%;;
273;S2;1;0;0;67%;40%;0%;-40%;0;33%;-20%;;
274;S2;1.97;1;0;73%;45%;10%;-33%;0;47%;-10%;;
275;S2;1.15;0;0;67%;50%;0%;-25%;0;33%;0%;;
276;S2;1.15;0;0;67%;50%;0%;-25%;0;33%;0%;;
277;S2;4.29;1;1;73%;50%;10%;-25%;0;47%;0%;;
278;S2;7.26;1;1;67%;50%;0%;-25%;0;33%;0%;;
279;S2;1.23;0;0;67%;45%;0%;-33%;0;33%;-10%;;
280;S2;19.45;1;1;73%;50%;10%;-25%;0;47%;0%;;
281;S2;1;0;0;67%;45%;0%;-33%;0;33%;-10%;;
282;S2;1.76;1;0;67%;45%;0%;-33%;0;33%;-10%;;
283;S2;2.72;1;1;67%;45%;0%;-33%;0;33%;-10%;;
284;S2;1.82;1;0;60%;40%;-10%;-40%;0;20%;-20%;;
285;S2;4.13;1;1;60%;45%;-10%;-33%;0;20%;-10%;;
286;S2;4.29;1;1;53%;45%;-20%;-33%;0;7%;-10%;;
287;S2;2.57;1;1;47%;45%;-30%;-33%;0;-7%;-10%;;
288;S2;9.05;1;1;40%;45%;-40%;-33%;0;-20%;-10%;;
289;S2;1.36;0;0;33%;40%;-50%;-40%;0;-33%;-20%;;
290;S2;1.49;0;0;40%;40%;-40%;-40%;0;-20%;-20%;;
291;S2;1.56;1;0;47%;40%;-30%;-40%;0;-7%;-20%;;
292;S2;1;0;0;47%;40%;-30%;-40%;0;-7%;-20%;;
293;S2;3.19;1;1;53%;40%;-20%;-40%;0;7%;-20%;;
294;S2;3.44;1;1;47%;40%;-30%;-40%;0;-7%;-20%;;
295;S2;1.01;0;0;40%;35%;-40%;-48%;0;-20%;-30%;;
296;S2;1.03;0;0;40%;40%;-40%;-40%;0;-20%;-20%;;
297;S2;5.83;1;1;47%;40%;-30%;-40%;0;-7%;-20%;;
298;S2;1.18;0;0;47%;40%;-30%;-40%;0;-7%;-20%;;
299;S2;4.09;1;1;53%;45%;-20%;-33%;0;7%;-10%;;
300;S2;1.27;0;0;47%;45%;-30%;-33%;0;-7%;-10%;;
301;S2;1.31;0;0;53%;50%;-20%;-25%;0;7%;0%;;
302;S2;1.46;0;0;60%;55%;-10%;-18%;1;20%;10%;;
303;S2;1.01;0;0;67%;55%;0%;-18%;1;33%;10%;;
304;S2;18.45;1;1;73%;60%;10%;-10%;1;47%;20%;;
305;S2;3.47;1;1;73%;55%;10%;-18%;1;47%;10%;;
306;S2;19.87;1;1;73%;50%;10%;-25%;0;47%;0%;;
307;S2;6.34;1;1;73%;45%;10%;-33%;0;47%;-10%;;
308;S2;1;0;0;73%;45%;10%;-33%;0;47%;-10%;;
309;S2;1.26;0;0;80%;50%;20%;-25%;0;60%;0%;;
310;S2;1.11;0;0;80%;50%;20%;-25%;0;60%;0%;;
311;S2;1.86;1;0;80%;55%;20%;-18%;1;60%;10%;;
312;S2;1.88;1;0;73%;60%;10%;-10%;1;47%;20%;;
313;S2;5.2;1;1;73%;60%;10%;-10%;1;47%;20%;;
314;S2;1.27;0;0;73%;55%;10%;-18%;1;47%;10%;;
315;S2;9.9;1;1;73%;55%;10%;-18%;1;47%;10%;;
316;S2;1.77;1;0;73%;50%;10%;-25%;0;47%;0%;;
317;S2;9.4;1;1;73%;55%;10%;-18%;1;47%;10%;;
318;S2;3.32;1;1;73%;55%;10%;-18%;1;47%;10%;;
319;S2;6.47;1;1;67%;55%;0%;-18%;1;33%;10%;;
320;S2;2.23;1;1;67%;55%;0%;-18%;1;33%;10%;;
321;S2;4.72;1;1;60%;50%;-10%;-25%;0;20%;0%;;
322;S2;1.95;1;0;60%;50%;-10%;-25%;0;20%;0%;;
323;S2;3.22;1;1;60%;55%;-10%;-18%;1;20%;10%;;
324;S2;1.23;0;0;60%;50%;-10%;-25%;0;20%;0%;;
325;S2;1;0;0;67%;55%;0%;-18%;1;33%;10%;;
326;S2;1.07;0;0;67%;55%;0%;-18%;1;33%;10%;;
327;S2;8816.13;1;1;73%;55%;10%;-18%;1;47%;10%;;
328;S2;3.35;1;1;73%;55%;10%;-18%;1;47%;10%;;
329;S2;1.44;0;0;73%;55%;10%;-18%;1;47%;10%;;
330;S2;7.3;1;1;80%;55%;20%;-18%;1;60%;10%;;
331;S2;2.14;1;1;80%;50%;20%;-25%;0;60%;0%;;
332;S2;1.85;1;0;73%;50%;10%;-25%;0;47%;0%;;
333;S2;1.21;0;0;73%;55%;10%;-18%;1;47%;10%;;
334;S2;1.58;1;0;80%;55%;20%;-18%;1;60%;10%;;
335;S2;1;0;0;80%;55%;20%;-18%;1;60%;10%;;
336;S2;2.75;1;1;87%;60%;30%;-10%;1;73%;20%;;
337;S2;3.35;1;1;87%;60%;30%;-10%;1;73%;20%;;
338;S2;6.18;1;1;87%;55%;30%;-18%;1;73%;10%;;
339;S2;3.61;1;1;87%;55%;30%;-18%;1;73%;10%;;
340;S2;1;0;0;80%;50%;20%;-25%;0;60%;0%;;
341;S2;13.14;1;1;87%;55%;30%;-18%;1;73%;10%;;
342;S2;5.4;1;1;87%;55%;30%;-18%;1;73%;10%;;
343;S2;1.89;1;0;87%;50%;30%;-25%;0;73%;0%;;
344;S2;34.88;1;1;87%;55%;30%;-18%;1;73%;10%;;
345;S2;1.92;1;0;80%;50%;20%;-25%;0;60%;0%;;
346;S2;1;0;0;80%;55%;20%;-18%;1;60%;10%;;
347;S2;106.28;1;1;87%;55%;30%;-18%;1;73%;10%;;
348;S2;4.64;1;1;80%;50%;20%;-25%;0;60%;0%;;
349;S2;1.82;1;0;80%;45%;20%;-33%;0;60%;-10%;;
350;S2;1.66;1;0;73%;50%;10%;-25%;0;47%;0%;;
351;S2;4.44;1;1;73%;55%;10%;-18%;1;47%;10%;;
352;S2;3.02;1;1;67%;50%;0%;-25%;0;33%;0%;;
353;S2;1.5;1;0;60%;50%;-10%;-25%;0;20%;0%;;
354;S2;1.02;0;0;53%;55%;-20%;-18%;0;7%;10%;;
355;S2;2.67;1;1;60%;60%;-10%;-10%;1;20%;20%;;
356;S2;18.3;1;1;60%;55%;-10%;-18%;1;20%;10%;;
357;S2;1.66;1;0;53%;50%;-20%;-25%;0;7%;0%;;
358;S2;3.03;1;1;53%;50%;-20%;-25%;0;7%;0%;;
359;S2;1.44;0;0;53%;45%;-20%;-33%;0;7%;-10%;;
360;S2;2.89;1;1;60%;50%;-10%;-25%;0;20%;0%;;
361;S2;11.86;1;1;60%;50%;-10%;-25%;0;20%;0%;;
362;S2;1.12;0;0;60%;50%;-10%;-25%;0;20%;0%;;
363;S2;2.36;1;1;60%;50%;-10%;-25%;0;20%;0%;;
364;S2;1.11;0;0;53%;50%;-20%;-25%;0;7%;0%;;
365;S2;2.13;1;1;60%;50%;-10%;-25%;0;20%;0%;;
366;S2;1.19;0;0;60%;45%;-10%;-33%;0;20%;-10%;;
367;S2;1;0;0;67%;45%;0%;-33%;0;33%;-10%;;
368;S2;1.01;0;0;73%;50%;10%;-25%;0;47%;0%;;
369;S2;3.05;1;1;80%;50%;20%;-25%;0;60%;0%;;
370;S2;2.66;1;1;73%;50%;10%;-25%;0;47%;0%;;
371;S2;1.22;0;0;67%;50%;0%;-25%;0;33%;0%;;
372;S2;3.52;1;1;67%;55%;0%;-18%;1;33%;10%;;
373;S2;4.59;1;1;67%;50%;0%;-25%;0;33%;0%;;
374;S2;20.2;1;1;67%;45%;0%;-33%;0;33%;-10%;;
375;S2;1.93;1;0;67%;45%;0%;-33%;0;33%;-10%;;
376;S2;1.93;1;0;67%;50%;0%;-25%;0;33%;0%;;
377;S2;1.17;0;0;67%;50%;0%;-25%;0;33%;0%;;
378;S2;1.32;0;0;67%;55%;0%;-18%;1;33%;10%;;
379;S2;2.93;1;1;67%;60%;0%;-10%;1;33%;20%;;
380;S2;2.65;1;1;67%;55%;0%;-18%;1;33%;10%;;
381;S2;13.31;1;1;67%;55%;0%;-18%;1;33%;10%;;
382;S2;1.8;1;0;67%;50%;0%;-25%;0;33%;0%;;
383;S2;2.05;1;1;67%;50%;0%;-25%;0;33%;0%;;
384;S2;1.14;0;0;67%;50%;0%;-25%;0;33%;0%;;
385;S2;1.34;0;0;67%;55%;0%;-18%;1;33%;10%;;
386;S2;1.41;0;0;73%;55%;10%;-18%;1;47%;10%;;
387;S2;2.04;1;1;73%;60%;10%;-10%;1;47%;20%;;
388;S2;1.78;1;0;67%;60%;0%;-10%;1;33%;20%;;
389;S2;3.15;1;1;67%;60%;0%;-10%;1;33%;20%;;
390;S2;2.74;1;1;67%;60%;0%;-10%;1;33%;20%;;
391;S2;8.5;1;1;67%;55%;0%;-18%;1;33%;10%;;
392;S2;1.1;0;0;67%;55%;0%;-18%;1;33%;10%;;
393;S2;1;0;0;73%;60%;10%;-10%;1;47%;20%;;
394;S2;2.01;1;1;73%;60%;10%;-10%;1;47%;20%;;
395;S2;78.43;1;1;73%;55%;10%;-18%;1;47%;10%;;
396;S2;1.84;1;0;73%;55%;10%;-18%;1;47%;10%;;
397;S2;2.23;1;1;73%;60%;10%;-10%;1;47%;20%;;
398;S2;114.48;1;1;73%;60%;10%;-10%;1;47%;20%;;
399;S2;1.23;0;0;73%;60%;10%;-10%;1;47%;20%;;
400;S2;6.31;1;1;80%;65%;20%;-3%;1;60%;30%;;
401;S3;1.41;0;0;80%;65%;20%;-3%;1;60%;30%;;
402;S3;1.46;0;0;87%;70%;30%;5%;1;73%;40%;;
403;S3;7.64;1;1;93%;75%;40%;13%;1;87%;50%;;
404;S3;2;1;1;93%;75%;40%;13%;1;87%;50%;;
405;S3;1.72;1;0;93%;75%;40%;13%;1;87%;50%;;
406;S3;2.81;1;1;93%;80%;40%;20%;1;87%;60%;;
407;S3;21.32;1;1;93%;75%;40%;13%;1;87%;50%;;
408;S3;1.44;0;0;93%;75%;40%;13%;1;87%;50%;;
409;S3;5.67;1;1;100%;75%;50%;13%;1;100%;50%;;
410;S3;1.92;1;0;100%;70%;50%;5%;1;100%;40%;;
411;S3;2.56;1;1;100%;75%;50%;13%;1;100%;50%;;
412;S3;4.34;1;1;100%;75%;50%;13%;1;100%;50%;;
413;S3;1.65;1;0;100%;75%;50%;13%;1;100%;50%;;
414;S3;1.61;1;0;93%;75%;40%;13%;1;87%;50%;;
415;S3;2.06;1;1;87%;75%;30%;13%;1;73%;50%;;
416;S3;2.48;1;1;87%;75%;30%;13%;1;73%;50%;;
417;S3;18.86;1;1;87%;70%;30%;5%;1;73%;40%;;
418;S3;207.62;1;1;87%;65%;30%;-3%;1;73%;30%;;
419;S3;2.84;1;1;80%;60%;20%;-10%;1;60%;20%;;
420;S3;2.88;1;1;73%;60%;10%;-10%;1;47%;20%;;
421;S3;3.54;1;1;73%;60%;10%;-10%;1;47%;20%;;
422;S3;3.56;1;1;67%;55%;0%;-18%;1;33%;10%;;
423;S3;7.34;1;1;67%;50%;0%;-25%;0;33%;0%;;
424;S3;6.15;1;1;67%;45%;0%;-33%;0;33%;-10%;;
425;S3;2.98;1;1;67%;45%;0%;-33%;0;33%;-10%;;
426;S3;1.57;1;0;67%;45%;0%;-33%;0;33%;-10%;;
427;S3;2.6;1;1;67%;45%;0%;-33%;0;33%;-10%;;
428;S3;1.15;0;0;60%;40%;-10%;-40%;0;20%;-20%;;
429;S3;1.27;0;0;67%;40%;0%;-40%;0;33%;-20%;;
430;S3;2.09;1;1;73%;45%;10%;-33%;0;47%;-10%;;
431;S3;3.45;1;1;73%;40%;10%;-40%;0;47%;-20%;;
432;S3;4.44;1;1;73%;35%;10%;-48%;0;47%;-30%;;
433;S3;1.17;0;0;67%;30%;0%;-55%;0;33%;-40%;;
434;S3;1.14;0;0;67%;30%;0%;-55%;0;33%;-40%;;
435;S3;4.08;1;1;73%;35%;10%;-48%;0;47%;-30%;;
436;S3;1;0;0;73%;30%;10%;-55%;0;47%;-40%;;
437;S3;1.78;1;0;73%;30%;10%;-55%;0;47%;-40%;;
438;S3;1.82;1;0;73%;35%;10%;-48%;0;47%;-30%;;
439;S3;2.48;1;1;73%;35%;10%;-48%;0;47%;-30%;;
440;S3;21.38;1;1;73%;35%;10%;-48%;0;47%;-30%;;
441;S3;1.52;1;0;67%;30%;0%;-55%;0;33%;-40%;;
442;S3;1.48;0;0;60%;35%;-10%;-48%;0;20%;-30%;;
443;S3;1.78;1;0;67%;40%;0%;-40%;0;33%;-20%;;
444;S3;2.77;1;1;60%;40%;-10%;-40%;0;20%;-20%;;
445;S3;2.25;1;1;60%;40%;-10%;-40%;0;20%;-20%;;
446;S3;1.92;1;0;53%;40%;-20%;-40%;0;7%;-20%;;
447;S3;1.24;0;0;53%;40%;-20%;-40%;0;7%;-20%;;
448;S3;1.16;0;0;60%;40%;-10%;-40%;0;20%;-20%;;
449;S3;2.48;1;1;60%;45%;-10%;-33%;0;20%;-10%;;
450;S3;1.81;1;0;60%;45%;-10%;-33%;0;20%;-10%;;
451;S3;1.23;0;0;60%;45%;-10%;-33%;0;20%;-10%;;
452;S3;1.92;1;0;67%;50%;0%;-25%;0;33%;0%;;
453;S3;1.74;1;0;67%;50%;0%;-25%;0;33%;0%;;
454;S3;16.12;1;1;67%;55%;0%;-18%;1;33%;10%;;
455;S3;1;0;0;67%;50%;0%;-25%;0;33%;0%;;
456;S3;1.37;0;0;67%;50%;0%;-25%;0;33%;0%;;
457;S3;5.72;1;1;73%;50%;10%;-25%;0;47%;0%;;
458;S3;1.46;0;0;73%;50%;10%;-25%;0;47%;0%;;
459;S3;9.6;1;1;80%;55%;20%;-18%;1;60%;10%;;
460;S3;1.17;0;0;73%;55%;10%;-18%;1;47%;10%;;
461;S3;4.75;1;1;73%;55%;10%;-18%;1;47%;10%;;
462;S3;12.55;1;1;67%;55%;0%;-18%;1;33%;10%;;
463;S3;1.42;0;0;67%;55%;0%;-18%;1;33%;10%;;
464;S3;9.9;1;1;73%;60%;10%;-10%;1;47%;20%;;
465;S3;2.35;1;1;73%;60%;10%;-10%;1;47%;20%;;
466;S3;1.78;1;0;67%;55%;0%;-18%;1;33%;10%;;
467;S3;1.63;1;0;67%;60%;0%;-10%;1;33%;20%;;
468;S3;4.47;1;1;67%;65%;0%;-3%;1;33%;30%;;
469;S3;2.11;1;1;67%;65%;0%;-3%;1;33%;30%;;
470;S3;1;0;0;67%;65%;0%;-3%;1;33%;30%;;
471;S3;3.15;1;1;73%;70%;10%;5%;1;47%;40%;;
472;S3;1.74;1;0;73%;65%;10%;-3%;1;47%;30%;;
473;S3;3.67;1;1;73%;65%;10%;-3%;1;47%;30%;;
474;S3;1;0;0;73%;60%;10%;-10%;1;47%;20%;;
475;S3;1.22;0;0;80%;60%;20%;-10%;1;60%;20%;;
476;S3;1.31;0;0;87%;65%;30%;-3%;1;73%;30%;;
477;S3;2.79;1;1;87%;70%;30%;5%;1;73%;40%;;
478;S3;5.82;1;1;80%;65%;20%;-3%;1;60%;30%;;
479;S3;8.79;1;1;73%;60%;10%;-10%;1;47%;20%;;
480;S3;1.34;0;0;67%;60%;0%;-10%;1;33%;20%;;
481;S3;19.11;1;1;73%;60%;10%;-10%;1;47%;20%;;
482;S3;2.05;1;1;73%;60%;10%;-10%;1;47%;20%;;
483;S3;5.19;1;1;73%;55%;10%;-18%;1;47%;10%;;
484;S3;6.04;1;1;67%;50%;0%;-25%;0;33%;0%;;
485;S3;1.9;1;0;67%;45%;0%;-33%;0;33%;-10%;;
486;S3;3.79;1;1;67%;50%;0%;-25%;0;33%;0%;;
487;S3;25.85;1;1;67%;45%;0%;-33%;0;33%;-10%;;
488;S3;3.78;1;1;67%;45%;0%;-33%;0;33%;-10%;;
489;S3;26.84;1;1;67%;40%;0%;-40%;0;33%;-20%;;
490;S3;2.03;1;1;60%;35%;-10%;-48%;0;20%;-30%;;
491;S3;1.14;0;0;60%;30%;-10%;-55%;0;20%;-40%;;
492;S3;1.04;0;0;60%;30%;-10%;-55%;0;20%;-40%;;
493;S3;1.12;0;0;67%;30%;0%;-55%;0;33%;-40%;;
494;S3;1.08;0;0;67%;30%;0%;-55%;0;33%;-40%;;
495;S3;2.29;1;1;67%;30%;0%;-55%;0;33%;-40%;;
496;S3;15.85;1;1;67%;30%;0%;-55%;0;33%;-40%;;
497;S3;1.76;1;0;60%;30%;-10%;-55%;0;20%;-40%;;
498;S3;1.25;0;0;53%;35%;-20%;-48%;0;7%;-30%;;
499;S3;6.65;1;1;53%;35%;-20%;-48%;0;7%;-30%;;
500;S3;1.58;1;0;47%;30%;-30%;-55%;0;-7%;-40%;;
501;S3;2.5;1;1;47%;30%;-30%;-55%;0;-7%;-40%;;
502;S3;1.61;1;0;47%;25%;-30%;-63%;0;-7%;-50%;;
503;S3;1.75;1;0;47%;25%;-30%;-63%;0;-7%;-50%;;
504;S3;1.29;0;0;47%;25%;-30%;-63%;0;-7%;-50%;;
505;S3;7.14;1;1;47%;25%;-30%;-63%;0;-7%;-50%;;
506;S3;1.04;0;0;40%;20%;-40%;-70%;0;-20%;-60%;;
507;S3;14.01;1;1;40%;20%;-40%;-70%;0;-20%;-60%;;
508;S3;1.08;0;0;33%;20%;-50%;-70%;0;-33%;-60%;;
509;S3;1;0;0;40%;20%;-40%;-70%;0;-20%;-60%;;
510;S3;1.78;1;0;40%;25%;-40%;-63%;0;-20%;-50%;;
511;S3;1.24;0;0;40%;30%;-40%;-55%;0;-20%;-40%;;
512;S3;1.29;0;0;40%;30%;-40%;-55%;0;-20%;-40%;;
513;S3;1.08;0;0;47%;30%;-30%;-55%;0;-7%;-40%;;
514;S3;1.38;0;0;47%;35%;-30%;-48%;0;-7%;-30%;;
515;S3;3.77;1;1;53%;40%;-20%;-40%;0;7%;-20%;;
516;S3;25.96;1;1;53%;35%;-20%;-48%;0;7%;-30%;;
517;S3;12.48;1;1;47%;35%;-30%;-48%;0;-7%;-30%;;
518;S3;1.92;1;0;47%;35%;-30%;-48%;0;-7%;-30%;;
519;S3;1.29;0;0;47%;35%;-30%;-48%;0;-7%;-30%;;
520;S3;1;0;0;53%;40%;-20%;-40%;0;7%;-20%;;
521;S3;1.42;0;0;53%;45%;-20%;-33%;0;7%;-10%;;
522;S3;1.18;0;0;60%;50%;-10%;-25%;0;20%;0%;;
523;S3;1.76;1;0;67%;50%;0%;-25%;0;33%;0%;;
524;S3;1.01;0;0;67%;55%;0%;-18%;1;33%;10%;;
525;S3;1.58;1;0;73%;55%;10%;-18%;1;47%;10%;;
526;S3;1.1;0;0;73%;60%;10%;-10%;1;47%;20%;;
527;S3;2.25;1;1;80%;65%;20%;-3%;1;60%;30%;;
528;S3;1.17;0;0;80%;60%;20%;-10%;1;60%;20%;;
529;S3;5.2;1;1;87%;65%;30%;-3%;1;73%;30%;;
530;S3;5.7;1;1;87%;65%;30%;-3%;1;73%;30%;;
531;S3;1.06;0;0;87%;60%;30%;-10%;1;73%;20%;;
532;S3;1.78;1;0;93%;65%;40%;-3%;1;87%;30%;;
533;S3;5.88;1;1;87%;70%;30%;5%;1;73%;40%;;
534;S3;5.26;1;1;87%;70%;30%;5%;1;73%;40%;;
535;S3;1.41;0;0;87%;65%;30%;-3%;1;73%;30%;;
536;S3;3.22;1;1;87%;70%;30%;5%;1;73%;40%;;
537;S3;2.1;1;1;87%;65%;30%;-3%;1;73%;30%;;
538;S3;1.6;1;0;87%;65%;30%;-3%;1;73%;30%;;
539;S3;12.44;1;1;87%;65%;30%;-3%;1;73%;30%;;
540;S3;20.82;1;1;80%;65%;20%;-3%;1;60%;30%;;
541;S3;2.06;1;1;80%;60%;20%;-10%;1;60%;20%;;
542;S3;1.96;1;0;73%;55%;10%;-18%;1;47%;10%;;
543;S3;18.89;1;1;73%;60%;10%;-10%;1;47%;20%;;
544;S3;1.79;1;0;67%;60%;0%;-10%;1;33%;20%;;
545;S3;3.85;1;1;67%;65%;0%;-3%;1;33%;30%;;
546;S3;2.76;1;1;67%;60%;0%;-10%;1;33%;20%;;
547;S3;1.36;0;0;60%;60%;-10%;-10%;1;20%;20%;;
548;S3;2.19;1;1;67%;65%;0%;-3%;1;33%;30%;;
549;S3;5.01;1;1;67%;60%;0%;-10%;1;33%;20%;;
550;S3;1.33;0;0;67%;60%;0%;-10%;1;33%;20%;;
551;S3;2.29;1;1;67%;65%;0%;-3%;1;33%;30%;;
552;S3;3.67;1;1;67%;60%;0%;-10%;1;33%;20%;;
553;S3;6.48;1;1;67%;60%;0%;-10%;1;33%;20%;;
554;S3;1;0;0;67%;60%;0%;-10%;1;33%;20%;;
555;S3;2.58;1;1;73%;65%;10%;-3%;1;47%;30%;;
556;S3;1.12;0;0;73%;60%;10%;-10%;1;47%;20%;;
557;S3;3.05;1;1;73%;65%;10%;-3%;1;47%;30%;;
558;S3;1.01;0;0;73%;60%;10%;-10%;1;47%;20%;;
559;S3;5.71;1;1;80%;65%;20%;-3%;1;60%;30%;;
560;S3;1.52;1;0;80%;60%;20%;-10%;1;60%;20%;;
561;S3;1;0;0;73%;60%;10%;-10%;1;47%;20%;;
562;S3;2.34;1;1;80%;60%;20%;-10%;1;60%;20%;;
563;S3;3.54;1;1;73%;55%;10%;-18%;1;47%;10%;;
564;S3;2.45;1;1;73%;50%;10%;-25%;0;47%;0%;;
565;S3;1.07;0;0;67%;50%;0%;-25%;0;33%;0%;;
566;S3;5.86;1;1;73%;55%;10%;-18%;1;47%;10%;;
567;S3;2.14;1;1;67%;55%;0%;-18%;1;33%;10%;;
568;S3;1.93;1;0;60%;55%;-10%;-18%;1;20%;10%;;
569;S3;4.06;1;1;60%;55%;-10%;-18%;1;20%;10%;;
570;S3;2.3;1;1;60%;55%;-10%;-18%;1;20%;10%;;
571;S3;1.03;0;0;60%;55%;-10%;-18%;1;20%;10%;;
572;S3;8.06;1;1;67%;60%;0%;-10%;1;33%;20%;;
573;S3;5.62;1;1;67%;60%;0%;-10%;1;33%;20%;;
574;S3;9.86;1;1;60%;60%;-10%;-10%;1;20%;20%;;
575;S3;1.18;0;0;60%;55%;-10%;-18%;1;20%;10%;;
576;S3;5.78;1;1;67%;55%;0%;-18%;1;33%;10%;;
577;S3;1.24;0;0;67%;55%;0%;-18%;1;33%;10%;;
578;S3;4.13;1;1;73%;60%;10%;-10%;1;47%;20%;;
579;S3;1;0;0;73%;55%;10%;-18%;1;47%;10%;;
580;S3;1.62;1;0;73%;60%;10%;-10%;1;47%;20%;;
581;S3;1.45;0;0;67%;65%;0%;-3%;1;33%;30%;;
582;S3;1.15;0;0;73%;65%;10%;-3%;1;47%;30%;;
583;S3;1.63;1;0;80%;70%;20%;5%;1;60%;40%;;
584;S3;22.55;1;1;80%;75%;20%;13%;1;60%;50%;;
585;S3;5.49;1;1;80%;75%;20%;13%;1;60%;50%;;
586;S3;4.58;1;1;80%;70%;20%;5%;1;60%;40%;;
587;S3;47.23;1;1;80%;70%;20%;5%;1;60%;40%;;
588;S3;1;0;0;80%;65%;20%;-3%;1;60%;30%;;
589;S3;9.84;1;1;87%;65%;30%;-3%;1;73%;30%;;
590;S3;3.51;1;1;87%;65%;30%;-3%;1;73%;30%;;
591;S3;2.56;1;1;80%;65%;20%;-3%;1;60%;30%;;
592;S3;12.79;1;1;80%;65%;20%;-3%;1;60%;30%;;
593;S3;6.55;1;1;73%;65%;10%;-3%;1;47%;30%;;
594;S3;1.11;0;0;73%;65%;10%;-3%;1;47%;30%;;
595;S3;1.34;0;0;80%;65%;20%;-3%;1;60%;30%;;
596;S3;2.79;1;1;87%;70%;30%;5%;1;73%;40%;;
597;S3;2.44;1;1;87%;65%;30%;-3%;1;73%;30%;;
598;S3;1.57;1;0;87%;60%;30%;-10%;1;73%;20%;;
599;S3;3.97;1;1;87%;65%;30%;-3%;1;73%;30%;;
600;S4;5.91;1;1;80%;60%;20%;-10%;1;60%;20%;;
601;S4;1.83;1;0;80%;60%;20%;-10%;1;60%;20%;;
602;S4;2.55;1;1;73%;60%;10%;-10%;1;47%;20%;;
603;S4;3.55;1;1;67%;55%;0%;-18%;1;33%;10%;;
604;S4;3.55;1;1;67%;50%;0%;-25%;0;33%;0%;;
605;S4;1;0;0;60%;45%;-10%;-33%;0;20%;-10%;;
606;S4;6.36;1;1;67%;50%;0%;-25%;0;33%;0%;;
607;S4;1.27;0;0;60%;45%;-10%;-33%;0;20%;-10%;;
608;S4;1.95;1;0;60%;45%;-10%;-33%;0;20%;-10%;;
609;S4;3.72;1;1;53%;50%;-20%;-25%;0;7%;0%;;
610;S4;2.16;1;1;47%;45%;-30%;-33%;0;-7%;-10%;;
611;S4;5.15;1;1;47%;40%;-30%;-40%;0;-7%;-20%;;
612;S4;4.21;1;1;47%;35%;-30%;-48%;0;-7%;-30%;;
613;S4;4.55;1;1;40%;30%;-40%;-55%;0;-20%;-40%;;
614;S4;1.18;0;0;40%;30%;-40%;-55%;0;-20%;-40%;;
615;S4;6.13;1;1;47%;35%;-30%;-48%;0;-7%;-30%;;
616;S4;1.24;0;0;47%;35%;-30%;-48%;0;-7%;-30%;;
617;S4;1.25;0;0;47%;35%;-30%;-48%;0;-7%;-30%;;
618;S4;3.72;1;1;47%;35%;-30%;-48%;0;-7%;-30%;;
619;S4;1.17;0;0;47%;30%;-30%;-55%;0;-7%;-40%;;
620;S4;10.6;1;1;53%;30%;-20%;-55%;0;7%;-40%;;
621;S4;1.44;0;0;53%;30%;-20%;-55%;0;7%;-40%;;
622;S4;1.04;0;0;53%;35%;-20%;-48%;0;7%;-30%;;
623;S4;1.19;0;0;60%;35%;-10%;-48%;0;20%;-30%;;
624;S4;1.39;0;0;60%;40%;-10%;-40%;0;20%;-20%;;
625;S4;5.01;1;1;60%;45%;-10%;-33%;0;20%;-10%;;
626;S4;1.63;1;0;60%;45%;-10%;-33%;0;20%;-10%;;
627;S4;1.32;0;0;60%;45%;-10%;-33%;0;20%;-10%;;
628;S4;16;1;1;60%;45%;-10%;-33%;0;20%;-10%;;
629;S4;1.56;1;0;60%;40%;-10%;-40%;0;20%;-20%;;
630;S4;1.75;1;0;60%;45%;-10%;-33%;0;20%;-10%;;
631;S4;1.07;0;0;60%;50%;-10%;-25%;0;20%;0%;;
632;S4;1.2;0;0;60%;55%;-10%;-18%;1;20%;10%;;
633;S4;2.39;1;1;67%;55%;0%;-18%;1;33%;10%;;
634;S4;2.99;1;1;60%;55%;-10%;-18%;1;20%;10%;;
635;S4;6.44;1;1;60%;55%;-10%;-18%;1;20%;10%;;
636;S4;1.01;0;0;60%;55%;-10%;-18%;1;20%;10%;;
637;S4;1.77;1;0;67%;60%;0%;-10%;1;33%;20%;;
638;S4;1.28;0;0;67%;60%;0%;-10%;1;33%;20%;;
639;S4;1.27;0;0;73%;60%;10%;-10%;1;47%;20%;;
640;S4;2.88;1;1;80%;65%;20%;-3%;1;60%;30%;;
641;S4;34.41;1;1;80%;60%;20%;-10%;1;60%;20%;;
642;S4;1.26;0;0;80%;55%;20%;-18%;1;60%;10%;;
643;S4;2.28;1;1;87%;60%;30%;-10%;1;73%;20%;;
644;S4;777.89;1;1;80%;60%;20%;-10%;1;60%;20%;;
645;S4;9.45;1;1;80%;55%;20%;-18%;1;60%;10%;;
646;S4;1.06;0;0;73%;55%;10%;-18%;1;47%;10%;;
647;S4;1.9;1;0;73%;55%;10%;-18%;1;47%;10%;;
648;S4;1.21;0;0;73%;55%;10%;-18%;1;47%;10%;;
649;S4;694.18;1;1;80%;60%;20%;-10%;1;60%;20%;;
650;S4;9.03;1;1;73%;55%;10%;-18%;1;47%;10%;;
651;S4;8.22;1;1;73%;55%;10%;-18%;1;47%;10%;;
652;S4;1.71;1;0;67%;50%;0%;-25%;0;33%;0%;;
653;S4;2.45;1;1;60%;55%;-10%;-18%;1;20%;10%;;
654;S4;28.12;1;1;60%;55%;-10%;-18%;1;20%;10%;;
655;S4;4.87;1;1;53%;55%;-20%;-18%;0;7%;10%;;
656;S4;2.3;1;1;53%;55%;-20%;-18%;0;7%;10%;;
657;S4;1.54;1;0;47%;50%;-30%;-25%;0;-7%;0%;;
658;S4;1.03;0;0;47%;55%;-30%;-18%;0;-7%;10%;;
659;S4;5.28;1;1;53%;55%;-20%;-18%;0;7%;10%;;
660;S4;1.06;0;0;53%;50%;-20%;-25%;0;7%;0%;;
661;S4;1;0;0;60%;55%;-10%;-18%;1;20%;10%;;
662;S4;2.43;1;1;60%;60%;-10%;-10%;1;20%;20%;;
663;S4;2.43;1;1;60%;55%;-10%;-18%;1;20%;10%;;
664;S4;1.2;0;0;60%;55%;-10%;-18%;1;20%;10%;;
665;S4;4.41;1;1;60%;55%;-10%;-18%;1;20%;10%;;
666;S4;1.14;0;0;60%;55%;-10%;-18%;1;20%;10%;;
667;S4;1.08;0;0;67%;60%;0%;-10%;1;33%;20%;;
668;S4;25.23;1;1;67%;60%;0%;-10%;1;33%;20%;;
669;S4;1.45;0;0;67%;55%;0%;-18%;1;33%;10%;;
670;S4;786.07;1;1;67%;55%;0%;-18%;1;33%;10%;;
671;S4;1.33;0;0;67%;50%;0%;-25%;0;33%;0%;;
672;S4;14.73;1;1;73%;55%;10%;-18%;1;47%;10%;;
673;S4;10.6;1;1;73%;55%;10%;-18%;1;47%;10%;;
674;S4;2.04;1;1;67%;50%;0%;-25%;0;33%;0%;;
675;S4;5.28;1;1;67%;50%;0%;-25%;0;33%;0%;;
676;S4;1.15;0;0;60%;50%;-10%;-25%;0;20%;0%;;
677;S4;6;1;1;67%;55%;0%;-18%;1;33%;10%;;
678;S4;1.88;1;0;67%;50%;0%;-25%;0;33%;0%;;
679;S4;1.08;0;0;60%;55%;-10%;-18%;1;20%;10%;;
680;S4;2.7;1;1;67%;55%;0%;-18%;1;33%;10%;;
681;S4;124.59;1;1;67%;50%;0%;-25%;0;33%;0%;;
682;S4;1.19;0;0;67%;45%;0%;-33%;0;33%;-10%;;
683;S4;2.34;1;1;67%;50%;0%;-25%;0;33%;0%;;
684;S4;1;0;0;67%;50%;0%;-25%;0;33%;0%;;
685;S4;5.87;1;1;67%;55%;0%;-18%;1;33%;10%;;
686;S4;4.71;1;1;60%;55%;-10%;-18%;1;20%;10%;;
687;S4;1.77;1;0;53%;50%;-20%;-25%;0;7%;0%;;
688;S4;1.38;0;0;53%;50%;-20%;-25%;0;7%;0%;;
689;S4;1.61;1;0;60%;50%;-10%;-25%;0;20%;0%;;
690;S4;1.17;0;0;60%;55%;-10%;-18%;1;20%;10%;;
691;S4;3.84;1;1;67%;55%;0%;-18%;1;33%;10%;;
692;S4;3.07;1;1;60%;55%;-10%;-18%;1;20%;10%;;
693;S4;1.04;0;0;60%;50%;-10%;-25%;0;20%;0%;;
694;S4;3.64;1;1;67%;50%;0%;-25%;0;33%;0%;;
695;S4;8.63;1;1;67%;50%;0%;-25%;0;33%;0%;;
696;S4;3.21;1;1;67%;45%;0%;-33%;0;33%;-10%;;
697;S4;1.42;0;0;67%;45%;0%;-33%;0;33%;-10%;;
698;S4;3.81;1;1;67%;50%;0%;-25%;0;33%;0%;;
699;S4;1.35;0;0;60%;45%;-10%;-33%;0;20%;-10%;;
700;S4;1;0;0;67%;45%;0%;-33%;0;33%;-10%;;
701;S4;1.01;0;0;73%;45%;10%;-33%;0;47%;-10%;;
702;S4;5.33;1;1;80%;45%;20%;-33%;0;60%;-10%;;
703;S4;2.52;1;1;80%;45%;20%;-33%;0;60%;-10%;;
704;S4;2.02;1;1;73%;40%;10%;-40%;0;47%;-20%;;
705;S4;2.36;1;1;67%;40%;0%;-40%;0;33%;-20%;;
706;S4;1.14;0;0;67%;40%;0%;-40%;0;33%;-20%;;
707;S4;1.8;1;0;67%;45%;0%;-33%;0;33%;-10%;;
708;S4;1.56;1;0;67%;45%;0%;-33%;0;33%;-10%;;
709;S4;4.87;1;1;67%;45%;0%;-33%;0;33%;-10%;;
710;S4;1.93;1;0;67%;40%;0%;-40%;0;33%;-20%;;
711;S4;2.1;1;1;67%;40%;0%;-40%;0;33%;-20%;;
712;S4;1.08;0;0;67%;35%;0%;-48%;0;33%;-30%;;
713;S4;1.03;0;0;67%;35%;0%;-48%;0;33%;-30%;;
714;S4;5.16;1;1;67%;35%;0%;-48%;0;33%;-30%;;
715;S4;1.81;1;0;60%;35%;-10%;-48%;0;20%;-30%;;
716;S4;2.15;1;1;53%;40%;-20%;-40%;0;7%;-20%;;
717;S4;4.08;1;1;47%;35%;-30%;-48%;0;-7%;-30%;;
718;S4;1.06;0;0;47%;35%;-30%;-48%;0;-7%;-30%;;
719;S4;1.06;0;0;47%;40%;-30%;-40%;0;-7%;-20%;;
720;S4;1.74;1;0;53%;40%;-20%;-40%;0;7%;-20%;;
721;S4;1.08;0;0;53%;45%;-20%;-33%;0;7%;-10%;;
722;S4;2.06;1;1;53%;50%;-20%;-25%;0;7%;0%;;
723;S4;1.84;1;0;53%;50%;-20%;-25%;0;7%;0%;;
724;S4;2.25;1;1;53%;50%;-20%;-25%;0;7%;0%;;
725;S4;951.94;1;1;47%;45%;-30%;-33%;0;-7%;-10%;;
726;S4;2.05;1;1;47%;45%;-30%;-33%;0;-7%;-10%;;
727;S4;1;0;0;47%;45%;-30%;-33%;0;-7%;-10%;;
728;S4;1.04;0;0;53%;45%;-20%;-33%;0;7%;-10%;;
729;S4;1.16;0;0;60%;50%;-10%;-25%;0;20%;0%;;
730;S4;1.22;0;0;67%;50%;0%;-25%;0;33%;0%;;
731;S4;1.49;0;0;73%;50%;10%;-25%;0;47%;0%;;
732;S4;1.86;1;0;80%;55%;20%;-18%;1;60%;10%;;
733;S4;1.01;0;0;73%;55%;10%;-18%;1;47%;10%;;
734;S4;6.47;1;1;80%;55%;20%;-18%;1;60%;10%;;
735;S4;14.17;1;1;73%;55%;10%;-18%;1;47%;10%;;
736;S4;1.17;0;0;67%;50%;0%;-25%;0;33%;0%;;
737;S4;2.88;1;1;73%;50%;10%;-25%;0;47%;0%;;
738;S4;5.05;1;1;73%;50%;10%;-25%;0;47%;0%;;
739;S4;1.44;0;0;67%;50%;0%;-25%;0;33%;0%;;
740;S4;3.53;1;1;73%;55%;10%;-18%;1;47%;10%;;
741;S4;4.91;1;1;67%;50%;0%;-25%;0;33%;0%;;
742;S4;19.29;1;1;60%;50%;-10%;-25%;0;20%;0%;;
743;S4;1.67;1;0;60%;45%;-10%;-33%;0;20%;-10%;;
744;S4;1.54;1;0;60%;45%;-10%;-33%;0;20%;-10%;;
745;S4;2.07;1;1;60%;45%;-10%;-33%;0;20%;-10%;;
746;S4;15.07;1;1;60%;45%;-10%;-33%;0;20%;-10%;;
747;S4;1.02;0;0;60%;40%;-10%;-40%;0;20%;-20%;;
748;S4;2.1;1;1;60%;40%;-10%;-40%;0;20%;-20%;;
749;S4;1.16;0;0;53%;35%;-20%;-48%;0;7%;-30%;;
750;S4;1.35;0;0;60%;35%;-10%;-48%;0;20%;-30%;;
751;S4;4.28;1;1;67%;40%;0%;-40%;0;33%;-20%;;
752;S4;1.8;1;0;60%;40%;-10%;-40%;0;20%;-20%;;
753;S4;1.15;0;0;53%;45%;-20%;-33%;0;7%;-10%;;
754;S4;5.25;1;1;53%;50%;-20%;-25%;0;7%;0%;;
755;S4;1.05;0;0;53%;50%;-20%;-25%;0;7%;0%;;
756;S4;1.12;0;0;60%;55%;-10%;-18%;1;20%;10%;;
757;S4;3.16;1;1;67%;60%;0%;-10%;1;33%;20%;;
758;S4;10.01;1;1;67%;60%;0%;-10%;1;33%;20%;;
759;S4;4.36;1;1;67%;60%;0%;-10%;1;33%;20%;;
760;S4;1.52;1;0;67%;55%;0%;-18%;1;33%;10%;;
761;S4;3.54;1;1;67%;55%;0%;-18%;1;33%;10%;;
762;S4;1.15;0;0;67%;55%;0%;-18%;1;33%;10%;;
763;S4;1.4;0;0;73%;60%;10%;-10%;1;47%;20%;;
764;S4;1.85;1;0;80%;60%;20%;-10%;1;60%;20%;;
765;S4;2.08;1;1;73%;60%;10%;-10%;1;47%;20%;;
766;S4;1.25;0;0;67%;55%;0%;-18%;1;33%;10%;;
767;S4;1.42;0;0;73%;55%;10%;-18%;1;47%;10%;;
768;S4;1;0;0;80%;60%;20%;-10%;1;60%;20%;;
769;S4;1.55;1;0;80%;60%;20%;-10%;1;60%;20%;;
770;S4;2.01;1;1;73%;65%;10%;-3%;1;47%;30%;;
771;S4;3.26;1;1;67%;65%;0%;-3%;1;33%;30%;;
772;S4;2.3;1;1;60%;60%;-10%;-10%;1;20%;20%;;
773;S4;17.23;1;1;60%;55%;-10%;-18%;1;20%;10%;;
774;S4;2.12;1;1;60%;50%;-10%;-25%;0;20%;0%;;
775;S4;4.45;1;1;60%;45%;-10%;-33%;0;20%;-10%;;
776;S4;76.68;1;1;60%;40%;-10%;-40%;0;20%;-20%;;
777;S4;2.38;1;1;53%;35%;-20%;-48%;0;7%;-30%;;
778;S4;290.68;1;1;47%;30%;-30%;-55%;0;-7%;-40%;;
779;S4;1.16;0;0;40%;30%;-40%;-55%;0;-20%;-40%;;
780;S4;1.29;0;0;47%;30%;-30%;-55%;0;-7%;-40%;;
781;S4;40.66;1;1;47%;30%;-30%;-55%;0;-7%;-40%;;
782;S4;219.86;1;1;40%;25%;-40%;-63%;0;-20%;-50%;;
783;S4;1.24;0;0;33%;20%;-50%;-70%;0;-33%;-60%;;
784;S4;1.37;0;0;40%;25%;-40%;-63%;0;-20%;-50%;;
785;S4;1.3;0;0;47%;25%;-30%;-63%;0;-7%;-50%;;
786;S4;1.37;0;0;47%;30%;-30%;-55%;0;-7%;-40%;;
787;S4;2.69;1;1;47%;35%;-30%;-48%;0;-7%;-30%;;
788;S4;1.72;1;0;40%;35%;-40%;-48%;0;-20%;-30%;;
789;S4;2.68;1;1;40%;40%;-40%;-40%;0;-20%;-20%;;
790;S4;4.56;1;1;33%;40%;-50%;-40%;0;-33%;-20%;;
791;S4;1.25;0;0;33%;35%;-50%;-48%;0;-33%;-30%;;
792;S4;1.29;0;0;40%;35%;-40%;-48%;0;-20%;-30%;;
793;S4;1;0;0;47%;40%;-30%;-40%;0;-7%;-20%;;
794;S4;1.62;1;0;53%;40%;-20%;-40%;0;7%;-20%;;
795;S4;1.12;0;0;53%;40%;-20%;-40%;0;7%;-20%;;
796;S4;1.09;0;0;60%;45%;-10%;-33%;0;20%;-10%;;
797;S4;1.27;0;0;67%;50%;0%;-25%;0;33%;0%;;
798;S4;6.81;1;1;73%;50%;10%;-25%;0;47%;0%;;
799;S4;1.92;1;0;67%;50%;0%;-25%;0;33%;0%;;
800;S4;1.23;0;0;60%;55%;-10%;-18%;1;20%;10%;;
801;S5;1.17;0;0;67%;55%;0%;-18%;1;33%;10%;;
802;S5;1.32;0;0;73%;55%;10%;-18%;1;47%;10%;;
803;S5;3.79;1;1;73%;55%;10%;-18%;1;47%;10%;;
804;S5;1.15;0;0;73%;50%;10%;-25%;0;47%;0%;;
805;S5;2.28;1;1;80%;50%;20%;-25%;0;60%;0%;;
806;S5;7.09;1;1;73%;50%;10%;-25%;0;47%;0%;;
807;S5;14.13;1;1;67%;50%;0%;-25%;0;33%;0%;;
808;S5;2.54;1;1;60%;45%;-10%;-33%;0;20%;-10%;;
809;S5;5.48;1;1;53%;45%;-20%;-33%;0;7%;-10%;;
810;S5;1.52;1;0;47%;45%;-30%;-33%;0;-7%;-10%;;
811;S5;1.61;1;0;47%;50%;-30%;-25%;0;-7%;0%;;
812;S5;3.98;1;1;47%;50%;-30%;-25%;0;-7%;0%;;
813;S5;1.42;0;0;47%;45%;-30%;-33%;0;-7%;-10%;;
814;S5;1;0;0;53%;50%;-20%;-25%;0;7%;0%;;
815;S5;2.18;1;1;60%;50%;-10%;-25%;0;20%;0%;;
816;S5;3.24;1;1;60%;50%;-10%;-25%;0;20%;0%;;
817;S5;1.28;0;0;60%;50%;-10%;-25%;0;20%;0%;;
818;S5;3;1;1;60%;55%;-10%;-18%;1;20%;10%;;
819;S5;2.57;1;1;60%;50%;-10%;-25%;0;20%;0%;;
820;S5;1.45;0;0;60%;45%;-10%;-33%;0;20%;-10%;;
821;S5;1.34;0;0;67%;45%;0%;-33%;0;33%;-10%;;
822;S5;1.33;0;0;73%;45%;10%;-33%;0;47%;-10%;;
823;S5;1.31;0;0;80%;45%;20%;-33%;0;60%;-10%;;
824;S5;1;0;0;80%;50%;20%;-25%;0;60%;0%;;
825;S5;28.45;1;1;80%;50%;20%;-25%;0;60%;0%;;
826;S5;3.22;1;1;80%;50%;20%;-25%;0;60%;0%;;
827;S5;1.56;1;0;80%;45%;20%;-33%;0;60%;-10%;;
828;S5;2.14;1;1;80%;50%;20%;-25%;0;60%;0%;;
829;S5;2.69;1;1;80%;50%;20%;-25%;0;60%;0%;;
830;S5;4.01;1;1;73%;45%;10%;-33%;0;47%;-10%;;
831;S5;1.64;1;0;73%;45%;10%;-33%;0;47%;-10%;;
832;S5;1.01;0;0;73%;45%;10%;-33%;0;47%;-10%;;
833;S5;2.31;1;1;80%;50%;20%;-25%;0;60%;0%;;
834;S5;1.94;1;0;80%;50%;20%;-25%;0;60%;0%;;
835;S5;2.92;1;1;80%;50%;20%;-25%;0;60%;0%;;
836;S5;269.81;1;1;80%;50%;20%;-25%;0;60%;0%;;
837;S5;6.16;1;1;73%;45%;10%;-33%;0;47%;-10%;;
838;S5;1.26;0;0;73%;40%;10%;-40%;0;47%;-20%;;
839;S5;1.27;0;0;80%;40%;20%;-40%;0;60%;-20%;;
840;S5;1.67;1;0;80%;40%;20%;-40%;0;60%;-20%;;
841;S5;1.73;1;0;80%;45%;20%;-33%;0;60%;-10%;;
842;S5;1.62;1;0;80%;45%;20%;-33%;0;60%;-10%;;
843;S5;3.74;1;1;73%;45%;10%;-33%;0;47%;-10%;;
844;S5;1.16;0;0;73%;45%;10%;-33%;0;47%;-10%;;
845;S5;3.66;1;1;73%;45%;10%;-33%;0;47%;-10%;;
846;S5;1.83;1;0;73%;45%;10%;-33%;0;47%;-10%;;
847;S5;2.98;1;1;67%;45%;0%;-33%;0;33%;-10%;;
848;S5;2.32;1;1;67%;45%;0%;-33%;0;33%;-10%;;
849;S5;1.51;1;0;67%;45%;0%;-33%;0;33%;-10%;;
850;S5;8.98;1;1;60%;45%;-10%;-33%;0;20%;-10%;;
851;S5;1.39;0;0;60%;45%;-10%;-33%;0;20%;-10%;;
852;S5;2.99;1;1;60%;50%;-10%;-25%;0;20%;0%;;
853;S5;2.88;1;1;60%;50%;-10%;-25%;0;20%;0%;;
854;S5;1.28;0;0;60%;45%;-10%;-33%;0;20%;-10%;;
855;S5;2.43;1;1;60%;45%;-10%;-33%;0;20%;-10%;;
856;S5;1.71;1;0;60%;45%;-10%;-33%;0;20%;-10%;;
857;S5;1.29;0;0;60%;50%;-10%;-25%;0;20%;0%;;
858;S5;1.96;1;0;67%;50%;0%;-25%;0;33%;0%;;
859;S5;1.1;0;0;60%;50%;-10%;-25%;0;20%;0%;;
860;S5;2.49;1;1;60%;55%;-10%;-18%;1;20%;10%;;
861;S5;1.04;0;0;60%;55%;-10%;-18%;1;20%;10%;;
862;S5;1.99;1;0;67%;55%;0%;-18%;1;33%;10%;;
863;S5;2943.82;1;1;67%;55%;0%;-18%;1;33%;10%;;
864;S5;1.32;0;0;67%;50%;0%;-25%;0;33%;0%;;
865;S5;22.73;1;1;73%;55%;10%;-18%;1;47%;10%;;
866;S5;1.06;0;0;73%;50%;10%;-25%;0;47%;0%;;
867;S5;3.26;1;1;80%;50%;20%;-25%;0;60%;0%;;
868;S5;5.31;1;1;73%;50%;10%;-25%;0;47%;0%;;
869;S5;1.38;0;0;67%;50%;0%;-25%;0;33%;0%;;
870;S5;47.26;1;1;73%;50%;10%;-25%;0;47%;0%;;
871;S5;9.82;1;1;67%;50%;0%;-25%;0;33%;0%;;
872;S5;5.86;1;1;60%;45%;-10%;-33%;0;20%;-10%;;
873;S5;1.36;0;0;60%;40%;-10%;-40%;0;20%;-20%;;
874;S5;1.23;0;0;67%;40%;0%;-40%;0;33%;-20%;;
875;S5;2.98;1;1;67%;45%;0%;-33%;0;33%;-10%;;
876;S5;4.35;1;1;67%;40%;0%;-40%;0;33%;-20%;;
877;S5;1.82;1;0;60%;40%;-10%;-40%;0;20%;-20%;;
878;S5;1.67;1;0;60%;45%;-10%;-33%;0;20%;-10%;;
879;S5;30.43;1;1;53%;50%;-20%;-25%;0;7%;0%;;
880;S5;22.31;1;1;53%;45%;-20%;-33%;0;7%;-10%;;
881;S5;1.7;1;0;47%;45%;-30%;-33%;0;-7%;-10%;;
882;S5;1.09;0;0;47%;45%;-30%;-33%;0;-7%;-10%;;
883;S5;1.19;0;0;53%;50%;-20%;-25%;0;7%;0%;;
884;S5;5.77;1;1;60%;50%;-10%;-25%;0;20%;0%;;
885;S5;1.11;0;0;53%;45%;-20%;-33%;0;7%;-10%;;
886;S5;1.48;0;0;60%;50%;-10%;-25%;0;20%;0%;;
887;S5;3.71;1;1;60%;50%;-10%;-25%;0;20%;0%;;
888;S5;2.58;1;1;60%;50%;-10%;-25%;0;20%;0%;;
889;S5;1.4;0;0;60%;45%;-10%;-33%;0;20%;-10%;;
890;S5;3.53;1;1;67%;50%;0%;-25%;0;33%;0%;;
891;S5;1.41;0;0;67%;45%;0%;-33%;0;33%;-10%;;
892;S5;1.65;1;0;67%;45%;0%;-33%;0;33%;-10%;;
893;S5;1;0;0;67%;50%;0%;-25%;0;33%;0%;;
894;S5;7.35;1;1;73%;50%;10%;-25%;0;47%;0%;;
895;S5;1.15;0;0;73%;45%;10%;-33%;0;47%;-10%;;
896;S5;2.08;1;1;73%;45%;10%;-33%;0;47%;-10%;;
897;S5;5.76;1;1;73%;40%;10%;-40%;0;47%;-20%;;
898;S5;3.21;1;1;73%;40%;10%;-40%;0;47%;-20%;;
899;S5;1.42;0;0;67%;35%;0%;-48%;0;33%;-30%;;
900;S5;3.69;1;1;73%;35%;10%;-48%;0;47%;-30%;;
901;S5;1.05;0;0;73%;35%;10%;-48%;0;47%;-30%;;
902;S5;15.09;1;1;80%;35%;20%;-48%;0;60%;-30%;;
903;S5;1.9;1;0;80%;35%;20%;-48%;0;60%;-30%;;
904;S5;1.74;1;0;73%;35%;10%;-48%;0;47%;-30%;;
905;S5;213.8;1;1;67%;35%;0%;-48%;0;33%;-30%;;
906;S5;1.13;0;0;67%;35%;0%;-48%;0;33%;-30%;;
907;S5;4.21;1;1;73%;35%;10%;-48%;0;47%;-30%;;
908;S5;1.94;1;0;73%;30%;10%;-55%;0;47%;-40%;;
909;S5;3.19;1;1;67%;30%;0%;-55%;0;33%;-40%;;
910;S5;1.44;0;0;60%;25%;-10%;-63%;0;20%;-50%;;
911;S5;1.92;1;0;67%;30%;0%;-55%;0;33%;-40%;;
912;S5;12.63;1;1;60%;30%;-10%;-55%;0;20%;-40%;;
913;S5;1.14;0;0;53%;25%;-20%;-63%;0;7%;-50%;;
914;S5;1.55;1;0;53%;25%;-20%;-63%;0;7%;-50%;;
915;S5;1.93;1;0;47%;30%;-30%;-55%;0;-7%;-40%;;
916;S5;1.98;1;0;47%;30%;-30%;-55%;0;-7%;-40%;;
917;S5;16.76;1;1;40%;30%;-40%;-55%;0;-20%;-40%;;
918;S5;1.08;0;0;33%;25%;-50%;-63%;0;-33%;-50%;;
919;S5;1.14;0;0;33%;30%;-50%;-55%;0;-33%;-40%;;
920;S5;2.09;1;1;40%;30%;-40%;-55%;0;-20%;-40%;;
921;S5;1.55;1;0;40%;25%;-40%;-63%;0;-20%;-50%;;
922;S5;2.11;1;1;33%;30%;-50%;-55%;0;-33%;-40%;;
923;S5;1.13;0;0;27%;30%;-60%;-55%;0;-47%;-40%;;
924;S5;1.11;0;0;33%;35%;-50%;-48%;0;-33%;-30%;;
925;S5;4.09;1;1;33%;35%;-50%;-48%;0;-33%;-30%;;
926;S5;1.32;0;0;33%;35%;-50%;-48%;0;-33%;-30%;;
927;S5;1.01;0;0;40%;35%;-40%;-48%;0;-20%;-30%;;
928;S5;1.39;0;0;47%;40%;-30%;-40%;0;-7%;-20%;;
929;S5;1.19;0;0;53%;45%;-20%;-33%;0;7%;-10%;;
930;S5;72.65;1;1;60%;45%;-10%;-33%;0;20%;-10%;;
931;S5;1.47;0;0;60%;40%;-10%;-40%;0;20%;-20%;;
932;S5;1.35;0;0;67%;45%;0%;-33%;0;33%;-10%;;
933;S5;1.41;0;0;73%;45%;10%;-33%;0;47%;-10%;;
934;S5;10.05;1;1;80%;45%;20%;-33%;0;60%;-10%;;
935;S5;1.71;1;0;80%;40%;20%;-40%;0;60%;-20%;;
936;S5;1.09;0;0;80%;40%;20%;-40%;0;60%;-20%;;
937;S5;1.32;0;0;87%;45%;30%;-33%;0;73%;-10%;;
938;S5;3.41;1;1;87%;45%;30%;-33%;0;73%;-10%;;
939;S5;1;0;0;80%;45%;20%;-33%;0;60%;-10%;;
940;S5;1.53;1;0;80%;50%;20%;-25%;0;60%;0%;;
941;S5;3.69;1;1;73%;55%;10%;-18%;1;47%;10%;;
942;S5;10.96;1;1;73%;50%;10%;-25%;0;47%;0%;;
943;S5;2.18;1;1;67%;50%;0%;-25%;0;33%;0%;;
944;S5;1.52;1;0;67%;50%;0%;-25%;0;33%;0%;;
945;S5;38.63;1;1;67%;50%;0%;-25%;0;33%;0%;;
946;S5;1.51;1;0;67%;45%;0%;-33%;0;33%;-10%;;
947;S5;178.33;1;1;60%;50%;-10%;-25%;0;20%;0%;;
948;S5;2.78;1;1;60%;50%;-10%;-25%;0;20%;0%;;
949;S5;1.95;1;0;60%;50%;-10%;-25%;0;20%;0%;;
950;S5;1.56;1;0;53%;55%;-20%;-18%;0;7%;10%;;
951;S5;3.66;1;1;47%;55%;-30%;-18%;0;-7%;10%;;
952;S5;1.08;0;0;47%;55%;-30%;-18%;0;-7%;10%;;
953;S5;1.13;0;0;53%;60%;-20%;-10%;0;7%;20%;;
954;S5;1.29;0;0;60%;60%;-10%;-10%;1;20%;20%;;
955;S5;1.37;0;0;67%;65%;0%;-3%;1;33%;30%;;
956;S5;2.13;1;1;67%;65%;0%;-3%;1;33%;30%;;
957;S5;1.47;0;0;67%;65%;0%;-3%;1;33%;30%;;
958;S5;7.87;1;1;73%;70%;10%;5%;1;47%;40%;;
959;S5;2.52;1;1;73%;65%;10%;-3%;1;47%;30%;;
960;S5;4.73;1;1;73%;65%;10%;-3%;1;47%;30%;;
961;S5;1.07;0;0;73%;65%;10%;-3%;1;47%;30%;;
962;S5;7.38;1;1;80%;70%;20%;5%;1;60%;40%;;
963;S5;2.61;1;1;80%;65%;20%;-3%;1;60%;30%;;
964;S5;1.45;0;0;73%;65%;10%;-3%;1;47%;30%;;
965;S5;1.13;0;0;80%;70%;20%;5%;1;60%;40%;;
966;S5;2.87;1;1;87%;70%;30%;5%;1;73%;40%;;
967;S5;2.2;1;1;87%;70%;30%;5%;1;73%;40%;;
968;S5;14.71;1;1;80%;70%;20%;5%;1;60%;40%;;
969;S5;2.54;1;1;80%;70%;20%;5%;1;60%;40%;;
970;S5;1.14;0;0;80%;65%;20%;-3%;1;60%;30%;;
971;S5;19.89;1;1;80%;65%;20%;-3%;1;60%;30%;;
972;S5;9.98;1;1;80%;65%;20%;-3%;1;60%;30%;;
973;S5;1.79;1;0;80%;65%;20%;-3%;1;60%;30%;;
974;S5;6.55;1;1;80%;70%;20%;5%;1;60%;40%;;
975;S5;1.63;1;0;73%;65%;10%;-3%;1;47%;30%;;
976;S5;9.3;1;1;67%;70%;0%;5%;1;33%;40%;;
977;S5;2.64;1;1;67%;65%;0%;-3%;1;33%;30%;;
978;S5;1.02;0;0;67%;60%;0%;-10%;1;33%;20%;;
979;S5;2.25;1;1;73%;60%;10%;-10%;1;47%;20%;;
980;S5;3.53;1;1;67%;55%;0%;-18%;1;33%;10%;;
981;S5;2.83;1;1;67%;50%;0%;-25%;0;33%;0%;;
982;S5;1.04;0;0;60%;50%;-10%;-25%;0;20%;0%;;
983;S5;2.32;1;1;67%;50%;0%;-25%;0;33%;0%;;
984;S5;2.41;1;1;67%;50%;0%;-25%;0;33%;0%;;
985;S5;1;0;0;67%;50%;0%;-25%;0;33%;0%;;
986;S5;3.69;1;1;67%;55%;0%;-18%;1;33%;10%;;
987;S5;4.55;1;1;67%;55%;0%;-18%;1;33%;10%;;
988;S5;11.16;1;1;60%;55%;-10%;-18%;1;20%;10%;;
989;S5;1.25;0;0;60%;50%;-10%;-25%;0;20%;0%;;
990;S5;1;0;0;67%;50%;0%;-25%;0;33%;0%;;
991;S5;3.21;1;1;73%;55%;10%;-18%;1;47%;10%;;
992;S5;5.02;1;1;73%;50%;10%;-25%;0;47%;0%;;
993;S5;3.63;1;1;73%;50%;10%;-25%;0;47%;0%;;
994;S5;1.29;0;0;73%;50%;10%;-25%;0;47%;0%;;
995;S5;5.57;1;1;80%;55%;20%;-18%;1;60%;10%;;
996;S5;1.09;0;0;80%;55%;20%;-18%;1;60%;10%;;
997;S5;1.53;1;0;87%;55%;30%;-18%;1;73%;10%;;
998;S5;1.79;1;0;87%;60%;30%;-10%;1;73%;20%;;
999;S5;1.93;1;0;87%;60%;30%;-10%;1;73%;20%;;
1000;S6;1.32;0;0;87%;65%;30%;-3%;1;73%;30%;;
1001;S6;30.97;1;1;93%;65%;40%;-3%;1;87%;30%;;
1002;S6;1.13;0;0;87%;65%;30%;-3%;1;73%;30%;;
1003;S6;2.03;1;1;93%;70%;40%;5%;1;87%;40%;;
1004;S6;3.44;1;1;87%;65%;30%;-3%;1;73%;30%;;
1005;S6;3.21;1;1;87%;60%;30%;-10%;1;73%;20%;;
1006;S6;29.01;1;1;87%;60%;30%;-10%;1;73%;20%;;
1007;S6;4.16;1;1;87%;60%;30%;-10%;1;73%;20%;;
1008;S6;1.92;1;0;87%;55%;30%;-18%;1;73%;10%;;
1009;S6;1.55;1;0;80%;60%;20%;-10%;1;60%;20%;;
1010;S6;5.3;1;1;73%;60%;10%;-10%;1;47%;20%;;
1011;S6;1.56;1;0;73%;55%;10%;-18%;1;47%;10%;;
1012;S6;9.55;1;1;73%;60%;10%;-10%;1;47%;20%;;
1013;S6;6.51;1;1;67%;55%;0%;-18%;1;33%;10%;;
1014;S6;4.3;1;1;67%;55%;0%;-18%;1;33%;10%;;
1015;S6;2.14;1;1;67%;55%;0%;-18%;1;33%;10%;;
1016;S6;1.21;0;0;67%;50%;0%;-25%;0;33%;0%;;
1017;S6;9.19;1;1;73%;55%;10%;-18%;1;47%;10%;;
1018;S6;1.21;0;0;67%;50%;0%;-25%;0;33%;0%;;
1019;S6;2.87;1;1;73%;50%;10%;-25%;0;47%;0%;;
1020;S6;1.52;1;0;73%;45%;10%;-33%;0;47%;-10%;;
1021;S6;3.23;1;1;67%;45%;0%;-33%;0;33%;-10%;;
1022;S6;3.67;1;1;67%;45%;0%;-33%;0;33%;-10%;;
1023;S6;1;0;0;60%;40%;-10%;-40%;0;20%;-20%;;
1024;S6;1.37;0;0;60%;40%;-10%;-40%;0;20%;-20%;;
1025;S6;3.22;1;1;67%;40%;0%;-40%;0;33%;-20%;;
1026;S6;3.27;1;1;60%;40%;-10%;-40%;0;20%;-20%;;
1027;S6;1.17;0;0;60%;40%;-10%;-40%;0;20%;-20%;;
1028;S6;7.13;1;1;60%;45%;-10%;-33%;0;20%;-10%;;
1029;S6;1.91;1;0;53%;40%;-20%;-40%;0;7%;-20%;;
1030;S6;1.89;1;0;47%;45%;-30%;-33%;0;-7%;-10%;;
1031;S6;6.84;1;1;47%;50%;-30%;-25%;0;-7%;0%;;
1032;S6;1.43;0;0;47%;50%;-30%;-25%;0;-7%;0%;;
1033;S6;4.89;1;1;53%;55%;-20%;-18%;0;7%;10%;;
1034;S6;81.57;1;1;47%;55%;-30%;-18%;0;-7%;10%;;
1035;S6;1.26;0;0;47%;50%;-30%;-25%;0;-7%;0%;;
1036;S6;29.03;1;1;53%;50%;-20%;-25%;0;7%;0%;;
1037;S6;1.2;0;0;53%;45%;-20%;-33%;0;7%;-10%;;
1038;S6;1.3;0;0;60%;50%;-10%;-25%;0;20%;0%;;
1039;S6;1.64;1;0;67%;55%;0%;-18%;1;33%;10%;;
1040;S6;1.36;0;0;60%;60%;-10%;-10%;1;20%;20%;;
1041;S6;4.2;1;1;60%;60%;-10%;-10%;1;20%;20%;;
1042;S6;1.28;0;0;53%;60%;-20%;-10%;0;7%;20%;;
1043;S6;1.21;0;0;60%;60%;-10%;-10%;1;20%;20%;;
1044;S6;1.33;0;0;67%;65%;0%;-3%;1;33%;30%;;
1045;S6;44.41;1;1;73%;65%;10%;-3%;1;47%;30%;;
1046;S6;41.32;1;1;67%;60%;0%;-10%;1;33%;20%;;
1047;S6;12.15;1;1;67%;60%;0%;-10%;1;33%;20%;;
1048;S6;1.13;0;0;67%;60%;0%;-10%;1;33%;20%;;
1049;S6;2.67;1;1;73%;60%;10%;-10%;1;47%;20%;;
1050;S7;6.44;1;1;73%;55%;10%;-18%;1;47%;10%;;
1051;S7;7.06;1;1;67%;55%;0%;-18%;1;33%;10%;;
1052;S7;4.07;1;1;67%;50%;0%;-25%;0;33%;0%;;
1053;S7;2.21;1;1;67%;45%;0%;-33%;0;33%;-10%;;
1054;S7;1;0;0;60%;45%;-10%;-33%;0;20%;-10%;;
1055;S7;1.18;0;0;60%;50%;-10%;-25%;0;20%;0%;;
1056;S7;1.1;0;0;67%;50%;0%;-25%;0;33%;0%;;
1057;S7;14.74;1;1;67%;50%;0%;-25%;0;33%;0%;;
1058;S7;5.99;1;1;60%;45%;-10%;-33%;0;20%;-10%;;
1059;S7;8.2;1;1;60%;45%;-10%;-33%;0;20%;-10%;;
1060;S7;1.32;0;0;60%;45%;-10%;-33%;0;20%;-10%;;
1061;S7;13.67;1;1;60%;45%;-10%;-33%;0;20%;-10%;;
1062;S7;1.53;1;0;53%;45%;-20%;-33%;0;7%;-10%;;
1063;S7;3.33;1;1;53%;50%;-20%;-25%;0;7%;0%;;
1064;S7;1.98;1;0;53%;50%;-20%;-25%;0;7%;0%;;
1065;S7;1.04;0;0;53%;50%;-20%;-25%;0;7%;0%;;
1066;S7;16.57;1;1;53%;50%;-20%;-25%;0;7%;0%;;
1067;S7;2.19;1;1;53%;45%;-20%;-33%;0;7%;-10%;;
1068;S7;1.22;0;0;53%;40%;-20%;-40%;0;7%;-20%;;
1069;S7;1.16;0;0;60%;45%;-10%;-33%;0;20%;-10%;;
1070;S7;14.79;1;1;60%;50%;-10%;-25%;0;20%;0%;;
1071;S7;1.42;0;0;60%;50%;-10%;-25%;0;20%;0%;;
1072;S7;1.32;0;0;60%;55%;-10%;-18%;1;20%;10%;;
1073;S7;9.52;1;1;60%;60%;-10%;-10%;1;20%;20%;;
1074;S7;11.69;1;1;60%;55%;-10%;-18%;1;20%;10%;;
1075;S7;1.03;0;0;60%;50%;-10%;-25%;0;20%;0%;;
1076;S7;1;0;0;67%;55%;0%;-18%;1;33%;10%;;
1077;S7;1.5;1;0;73%;55%;10%;-18%;1;47%;10%;;
1078;S7;5.1;1;1;73%;60%;10%;-10%;1;47%;20%;;
1079;S7;2.44;1;1;67%;55%;0%;-18%;1;33%;10%;;
1080;S7;1;0;0;60%;55%;-10%;-18%;1;20%;10%;;
1081;S7;2.74;1;1;67%;60%;0%;-10%;1;33%;20%;;
1082;S7;2.68;1;1;60%;60%;-10%;-10%;1;20%;20%;;
1083;S7;2.2;1;1;60%;60%;-10%;-10%;1;20%;20%;;
1084;S7;1.1;0;0;60%;60%;-10%;-10%;1;20%;20%;;
1085;S7;1.75;1;0;67%;60%;0%;-10%;1;33%;20%;;
1086;S7;1.31;0;0;67%;65%;0%;-3%;1;33%;30%;;
1087;S7;1.44;0;0;73%;65%;10%;-3%;1;47%;30%;;
1088;S7;10.28;1;1;80%;70%;20%;5%;1;60%;40%;;
1089;S7;3.14;1;1;80%;65%;20%;-3%;1;60%;30%;;
1090;S7;54.12;1;1;80%;60%;20%;-10%;1;60%;20%;;
1091;S7;188.97;1;1;80%;55%;20%;-18%;1;60%;10%;;
1092;S7;2.5;1;1;73%;50%;10%;-25%;0;47%;0%;;
1093;S7;1.17;0;0;73%;45%;10%;-33%;0;47%;-10%;;
1094;S7;1.43;0;0;73%;50%;10%;-25%;0;47%;0%;;
1095;S7;3.6;1;1;73%;50%;10%;-25%;0;47%;0%;;
1096;S7;1;0;0;67%;50%;0%;-25%;0;33%;0%;;
1097;S7;7.55;1;1;67%;55%;0%;-18%;1;33%;10%;;
1098;S7;1.62;1;0;60%;55%;-10%;-18%;1;20%;10%;;
1099;S7;16.15;1;1;60%;55%;-10%;-18%;1;20%;10%;;
1100;S8;2.13;1;1;53%;50%;-20%;-25%;0;7%;0%;;
1101;S8;2.48;1;1;53%;45%;-20%;-33%;0;7%;-10%;;
1102;S8;8.11;1;1;53%;40%;-20%;-40%;0;7%;-20%;;
1103;S8;6.28;1;1;53%;35%;-20%;-48%;0;7%;-30%;;
1104;S8;1.67;1;0;47%;30%;-30%;-55%;0;-7%;-40%;;
1105;S8;3.38;1;1;40%;35%;-40%;-48%;0;-20%;-30%;;
1106;S8;1.05;0;0;40%;35%;-40%;-48%;0;-20%;-30%;;
1107;S8;6.94;1;1;47%;35%;-30%;-48%;0;-7%;-30%;;
1108;S8;1.31;0;0;40%;30%;-40%;-55%;0;-20%;-40%;;
1109;S8;1.19;0;0;47%;30%;-30%;-55%;0;-7%;-40%;;
1110;S8;1.41;0;0;53%;30%;-20%;-55%;0;7%;-40%;;
1111;S8;1;0;0;60%;30%;-10%;-55%;0;20%;-40%;;
1112;S8;1.06;0;0;67%;30%;0%;-55%;0;33%;-40%;;
1113;S8;3.77;1;1;67%;35%;0%;-48%;0;33%;-30%;;
1114;S8;1.39;0;0;60%;30%;-10%;-55%;0;20%;-40%;;
1115;S8;2.39;1;1;60%;30%;-10%;-55%;0;20%;-40%;;
1116;S8;3.25;1;1;53%;30%;-20%;-55%;0;7%;-40%;;
1117;S8;4.96;1;1;47%;25%;-30%;-63%;0;-7%;-50%;;
1118;S8;1.1;0;0;47%;20%;-30%;-70%;0;-7%;-60%;;
1119;S8;1.11;0;0;47%;20%;-30%;-70%;0;-7%;-60%;;
1120;S8;1.93;1;0;53%;25%;-20%;-63%;0;7%;-50%;;
1121;S8;1.58;1;0;53%;30%;-20%;-55%;0;7%;-40%;;
1122;S8;1.01;0;0;47%;35%;-30%;-48%;0;-7%;-30%;;
1123;S8;1.82;1;0;47%;35%;-30%;-48%;0;-7%;-30%;;
1124;S8;6.53;1;1;40%;35%;-40%;-48%;0;-20%;-30%;;
1125;S8;2.23;1;1;40%;35%;-40%;-48%;0;-20%;-30%;;
1126;S8;1.82;1;0;40%;30%;-40%;-55%;0;-20%;-40%;;
1127;S8;1.1;0;0;40%;30%;-40%;-55%;0;-20%;-40%;;
1128;S8;1.26;0;0;40%;35%;-40%;-48%;0;-20%;-30%;;
1129;S8;1.02;0;0;40%;40%;-40%;-40%;0;-20%;-20%;;
1130;S8;1;0;0;47%;45%;-30%;-33%;0;-7%;-10%;;
1131;S8;1.06;0;0;47%;45%;-30%;-33%;0;-7%;-10%;;
1132;S8;8.93;1;1;47%;50%;-30%;-25%;0;-7%;0%;;
1133;S8;1.04;0;0;47%;50%;-30%;-25%;0;-7%;0%;;
1134;S8;1.57;1;0;53%;55%;-20%;-18%;0;7%;10%;;
1135;S8;3.18;1;1;53%;55%;-20%;-18%;0;7%;10%;;
1136;S8;1.34;0;0;47%;50%;-30%;-25%;0;-7%;0%;;
1137;S8;1.03;0;0;53%;50%;-20%;-25%;0;7%;0%;;
1138;S8;1.35;0;0;60%;53%;-10%;-21%;1;20%;5%;;
1139;S8;2.91;1;1;67%;56%;0%;-17%;1;33%;11%;;
1140;S8;24.17;1;1;67%;53%;0%;-21%;1;33%;6%;;
1141;S8;6.34;1;1;60%;50%;-10%;-25%;0;20%;0%;;
1142;S8;1.14;0;0;53%;47%;-20%;-30%;0;7%;-7%;;
1143;S8;1;0;0;57%;50%;-14%;-25%;0;14%;0%;;
1144;S8;2.11;1;1;62%;54%;-8%;-19%;1;23%;8%;;
1145;S8;1;0;0;58%;50%;-13%;-25%;0;17%;0%;;
1146;S8;1.04;0;0;64%;55%;-5%;-18%;1;27%;9%;;
1147;S8;2.01;1;1;70%;60%;5%;-10%;1;40%;20%;;
1148;S8;15.24;1;1;67%;56%;0%;-17%;1;33%;11%;;
1149;S8;3.26;1;1;63%;50%;-6%;-25%;0;25%;0%;;
1150;S8;1.05;0;0;57%;43%;-14%;-36%;0;14%;-14%;;
1151;S8;23.06;1;1;67%;50%;0%;-25%;0;33%;0%;;
1152;S8;25.64;1;1;60%;40%;-10%;-40%;0;20%;-20%;;
1153;S8;11.82;1;1;50%;25%;-25%;-63%;0;0%;-50%;;
1154;S8;1.74;1;0;33%;0%;-50%;-100%;0;-33%;-100%;;
1155;S8;1.12;0;0;0%;0%;-100%;-100%;0;-100%;-100%;;
1156;S8;1.2;0;0;0%;0%;-100%;-100%;0;-100%;-100%;;
1157;AUTO;103.82;0;0;0
1158;AUTO;1.13;0;0;0
1159;AUTO;1.69;0;0;0
1160;AUTO;2.57;0;0;0
1161;AUTO;2.87;0;0;0
1162;AUTO;1.03;0;0;0
1163;AUTO;1.28;0;0;0
1164;AUTO;1.5;0;0;0
1165;AUTO;1.55;0;0;0
1166;AUTO;25.44;0;0;0
1167;AUTO;8.2;0;0;0
1168;AUTO;2.19;0;0;0
1169;AUTO;1.29;0;0;0
1170;AUTO;9.21;0;0;0
1171;AUTO;1.81;0;0;0
1172;AUTO;13.6;0;0;0
1173;AUTO;1.09;0;0;0
1174;AUTO;1.8;0;0;0
1175;AUTO;106.71;0;0;0
1176;AUTO;2.24;0;0;0
1177;AUTO;1.48;0;0;0
1178;AUTO;2.67;0;0;0
1179;AUTO;3.29;0;0;0
1180;AUTO;1.31;0;0;0
1181;AUTO;3.68;0;0;0
1182;AUTO;7.58;0;0;0
1183;AUTO;1.1;0;0;0
1184;AUTO;1.37;0;0;0
1185;AUTO;1.45;0;0;0
1186;AUTO;1.31;0;0;0
1187;AUTO;1.31;0;0;0
1188;AUTO;2.61;0;0;0
1189;AUTO;22.29;0;0;0
1190;AUTO;3.91;0;0;0
1191;AUTO;1.89;0;0;0
1192;AUTO;14.66;0;0;0
1193;AUTO;4.32;0;0;0
1194;AUTO;1.28;0;0;0
1195;AUTO;1.51;0;0;0
1196;AUTO;3.48;0;0;0
1197;AUTO;7.37;0;0;0
1198;AUTO;1.26;0;0;0
1199;AUTO;1.45;0;0;0
1200;AUTO;2.6;0;0;0
1201;AUTO;1.29;0;0;0
1202;AUTO;1.1;0;0;0
1203;AUTO;1.17;0;0;0
1204;AUTO;1.33;0;0;0
1205;AUTO;4.16;0;0;0
1206;AUTO;1.15;0;0;0
1207;AUTO;2.28;0;0;0
1208;AUTO;2.51;0;0;0
1209;AUTO;2.12;0;0;0
1210;AUTO;2.1;0;0;0
1211;AUTO;1.05;0;0;0
1212;AUTO;10.78;0;0;0
1213;AUTO;6.48;0;0;0
1214;AUTO;2;0;0;0
1215;AUTO;3.15;0;0;0
1216;AUTO;1.08;0;0;0
1217;AUTO;1.34;0;0;0
1218;AUTO;27.62;0;0;0
1219;AUTO;3.77;0;0;0
1220;AUTO;1.18;0;0;0
1221;AUTO;1.21;0;0;0
1222;AUTO;1.01;0;0;0
1223;AUTO;1.34;0;0;0
1224;AUTO;11.96;0;0;0
1225;AUTO;1.02;0;0;0
1226;AUTO;1.22;0;0;0
1227;AUTO;1.4;0;0;0
1228;AUTO;3.03;0;0;0
1229;AUTO;2.71;0;0;0
1230;AUTO;1.09;0;0;0
1231;AUTO;3.55;0;0;0
1232;AUTO;16.9;0;0;0
1233;AUTO;1.61;0;0;0
1234;AUTO;25.04;0;0;0
1235;AUTO;1.9;0;0;0
1236;AUTO;8.61;0;0;0
1237;AUTO;4.58;0;0;0
1238;AUTO;2.44;0;0;0
1239;AUTO;1.41;0;0;0
1240;AUTO;3.64;0;0;0
1241;AUTO;1.78;0;0;0
1242;AUTO;1.25;0;0;0
1243;AUTO;1.34;0;0;0
1244;AUTO;12.13;0;0;0
1245;AUTO;28.68;0;0;0
1246;AUTO;1.65;0;0;0
1247;AUTO;1.31;0;0;0
1248;AUTO;1.1;0;0;0
1249;AUTO;5.59;0;0;0
1250;AUTO;1.1;0;0;0
1251;AUTO;3.17;0;0;0
1252;AUTO;1.7;0;0;0
1253;AUTO;3.76;0;0;0
1254;AUTO;2.2;0;0;0
1255;AUTO;162.39;0;0;0
1256;AUTO;1;0;0;0
1257;AUTO;2.87;0;0;0
1258;AUTO;16.87;0;0;0
1259;AUTO;4.6;0;0;0
1260;AUTO;3.66;0;0;0
1261;AUTO;5.32;0;0;0
1262;AUTO;129.62;0;0;0
1263;AUTO;3.08;0;0;0
1264;AUTO;3.96;0;0;0
1265;AUTO;1.32;0;0;0
1266;AUTO;2.4;0;0;0
1267;AUTO;4.39;0;0;0
1268;AUTO;1.07;0;0;0
1269;AUTO;1.36;0;0;0
1270;AUTO;1.17;0;0;0
1271;AUTO;3.04;0;0;0
1272;AUTO;1.33;0;0;0
1273;AUTO;2.39;0;0;0
1274;AUTO;1.55;0;0;0
1275;AUTO;1.74;0;0;0
1276;AUTO;10.21;0;0;0
1277;AUTO;1.19;0;0;0
1278;AUTO;1;0;0;0
1279;AUTO;2.55;0;0;0
1280;AUTO;5.65;0;0;0
1281;AUTO;1.01;0;0;0
1282;AUTO;2.65;0;0;0
1283;AUTO;1.06;0;0;0
1284;AUTO;44.61;0;0;0
1285;AUTO;1.07;0;0;0
1286;AUTO;1.54;0;0;0
1287;AUTO;22.19;0;0;0
1288;AUTO;1.5;0;0;0
1289;AUTO;1.13;0;0;0
1290;AUTO;7.42;0;0;0
1291;AUTO;1.47;0;0;0
1292;AUTO;1.66;0;0;0
1293;AUTO;7.76;0;0;0
1294;AUTO;1.03;0;0;0
1295;AUTO;1;0;0;0
1296;AUTO;1.1;0;0;0
1297;AUTO;2.71;0;0;0
1298;AUTO;2.61;0;0;0
1299;AUTO;1.17;0;0;0
1300;AUTO;6.8;0;0;0
1301;AUTO;6.02;0;0;0
1302;AUTO;1.73;0;0;0
1303;AUTO;6.35;0;0;0
1304;AUTO;1.22;0;0;0
1305;AUTO;1.3;0;0;0
1306;AUTO;2.15;0;0;0
1307;AUTO;4.06;0;0;0
1308;AUTO;3.38;0;0;0
1309;AUTO;1.68;0;0;0
1310;AUTO;10.47;0;0;0
1311;AUTO;4.9;0;0;0
1312;AUTO;1.1;0;0;0
1313;AUTO;1.08;0;0;0
1314;AUTO;4.55;0;0;0
1315;AUTO;17.09;0;0;0
1316;AUTO;3.06;0;0;0
1317;AUTO;3.68;0;0;0
1318;AUTO;7.09;0;0;0
1319;AUTO;67.89;0;0;0
1320;AUTO;3.65;0;0;0
1321;AUTO;1.3;0;0;0
1322;AUTO;2.99;0;0;0
1323;AUTO;1.19;0;0;0
1324;AUTO;1.33;0;0;0
1325;AUTO;15.01;0;0;0
1326;AUTO;1.26;0;0;0
1327;AUTO;1.7;0;0;0
1328;AUTO;3.33;0;0;0
1329;AUTO;2.51;0;0;0
1330;AUTO;1.47;0;0;0
1331;AUTO;1;0;0;0
1332;AUTO;37.74;0;0;0
1333;AUTO;1.38;0;0;0
1334;AUTO;3.8;0;0;0
1335;AUTO;1.97;0;0;0
1336;AUTO;1.38;0;0;0
1337;AUTO;3.21;0;0;0
1338;AUTO;3.52;0;0;0
1339;AUTO;1.27;0;0;0
1340;AUTO;15.29;0;0;0
1341;AUTO;1.99;0;0;0
1342;AUTO;1;0;0;0
1343;AUTO;1.8;0;0;0
1344;AUTO;1.31;0;0;0
1345;AUTO;1.43;0;0;0
1346;AUTO;1.47;0;0;0
1347;AUTO;19.8;0;0;0
1348;AUTO;1;0;0;0
1349;AUTO;5.97;0;0;0
1350;AUTO;1.61;0;0;0
1351;AUTO;1.52;0;0;0
1352;AUTO;1.79;0;0;0
1353;AUTO;1.53;0;0;0
1354;AUTO;1.67;0;0;0
1355;AUTO;1;0;0;0
1356;AUTO;2.34;0;0;0
1357;AUTO;2.02;0;0;0
1358;AUTO;1.67;0;0;0
1359;AUTO;3.14;0;0;0
1360;AUTO;2.37;0;0;0
1361;AUTO;1.12;0;0;0
1362;AUTO;2.27;0;0;0
1363;AUTO;1.11;0;0;0
1364;AUTO;2.36;0;0;0
1365;AUTO;1.59;0;0;0
1366;AUTO;21.55;0;0;0
1367;AUTO;1.1;0;0;0
1368;AUTO;4.95;0;0;0
1369;AUTO;3.75;0;0;0
1370;AUTO;1.39;0;0;0
1371;AUTO;1.02;0;0;0
1372;AUTO;5.45;0;0;0
1373;AUTO;13.07;0;0;0
1374;AUTO;1.25;0;0;0
1375;AUTO;3.55;0;0;0
1376;AUTO;2.8;0;0;0
1377;AUTO;2.52;0;0;0
1378;AUTO;1.09;0;0;0
1379;AUTO;3.09;0;0;0
1380;AUTO;1.3;0;0;0
1381;AUTO;1.52;0;0;0
1382;AUTO;1.22;0;0;0
1383;AUTO;2.85;0;0;0
1384;AUTO;3.62;0;0;0
1385;AUTO;2.42;0;0;0
1386;AUTO;2.97;0;0;0
1387;AUTO;10.93;0;0;0
1388;AUTO;2.19;0;0;0
1389;AUTO;3.02;0;0;0
1390;AUTO;1.17;0;0;0
1391;AUTO;12.62;0;0;0
1392;AUTO;4.23;0;0;0
1393;AUTO;1.95;0;0;0
1394;AUTO;1.8;0;0;0
1395;AUTO;2.17;0;0;0
1396;AUTO;4.61;0;0;0
1397;AUTO;1.49;0;0;0
1398;AUTO;6.47;0;0;0
1399;AUTO;1.09;0;0;0
1400;AUTO;5.72;0;0;0
1401;AUTO;1.87;0;0;0
1402;AUTO;2.96;0;0;0
1403;AUTO;1.83;0;0;0
1404;AUTO;4.11;0;0;0
1405;AUTO;1.97;0;0;0
1406;AUTO;1.12;0;0;0
1407;AUTO;1.3;0;0;0
1408;AUTO;1.12;0;0;0
1409;AUTO;2.15;0;0;0
1410;AUTO;2.22;0;0;0
1411;AUTO;61.56;0;0;0
1412;AUTO;3.53;0;0;0
1413;AUTO;1.26;0;0;0
1414;AUTO;1.04;0;0;0
1415;AUTO;3.99;0;0;0
1416;AUTO;1.85;0;0;0
1417;AUTO;1.1;0;0;0
1418;AUTO;1.09;0;0;0
1419;AUTO;1.14;0;0;0
1420;AUTO;3.68;0;0;0
1421;AUTO;2.93;0;0;0
1422;AUTO;3.08;0;0;0
1423;AUTO;3.03;0;0;0
1424;AUTO;6.25;0;0;0
1425;AUTO;54.92;0;0;0
1426;AUTO;1.38;0;0;0
1427;AUTO;5.42;0;0;0
1428;AUTO;4.65;0;0;0
1429;AUTO;1.75;0;0;0
1430;AUTO;1.19;0;0;0
1431;AUTO;1;0;0;0
1432;AUTO;1;0;0;0
1433;AUTO;2.37;0;0;0
1434;AUTO;1.2;0;0;0
1435;AUTO;1;0;0;0
1436;AUTO;2.17;0;0;0
1437;AUTO;1.09;0;0;0
1438;AUTO;1.59;0;0;0
1439;AUTO;2.89;0;0;0
1440;AUTO;233.77;0;0;0
1441;AUTO;1.84;0;0;0
1442;AUTO;6.36;0;0;0
1443;AUTO;1.61;0;0;0
1444;AUTO;2.03;0;0;0
1445;AUTO;9.7;0;0;0
1446;AUTO;1;0;0;0
1447;AUTO;2.5;0;0;0
1448;AUTO;6.91;0;0;0
1449;AUTO;2.38;0;0;0
1450;AUTO;10.65;0;0;0
1451;AUTO;1.09;0;0;0
1452;AUTO;2.3;0;0;0
1453;AUTO;1.4;0;0;0
1454;AUTO;1.12;0;0;0
1455;AUTO;1.38;0;0;0
1456;AUTO;3.87;0;0;0
1457;AUTO;10.53;0;0;0
1458;AUTO;1.85;0;0;0
1459;AUTO;1295;0;0;0
1460;AUTO;1.46;0;0;0
1461;AUTO;1;0;0;0
1462;AUTO;19.42;0;0;0
1463;AUTO;13.98;0;0;0
1464;AUTO;3.08;0;0;0
1465;AUTO;1.32;0;0;0
1466;AUTO;2.81;0;0;0
1467;AUTO;13.19;0;0;0
1468;AUTO;1.65;0;0;0
1469;AUTO;1.65;0;0;0
1470;AUTO;1.55;0;0;0
1471;AUTO;17.76;0;0;0
1472;AUTO;2.1;0;0;0
1473;AUTO;2.43;0;0;0
1474;AUTO;11.75;0;0;0
1475;AUTO;5.61;0;0;0
1476;AUTO;14.05;0;0;0
1477;AUTO;1.09;0;0;0
1478;AUTO;2.62;0;0;0
1479;AUTO;7.56;0;0;0
1480;AUTO;1.08;0;0;0
1481;AUTO;1.07;0;0;0
1482;AUTO;1.75;0;0;0
1483;AUTO;1.54;0;0;0
1484;AUTO;1.42;0;0;0
1485;AUTO;9.88;0;0;0
1486;AUTO;12.66;0;0;0
1487;AUTO;4.11;0;0;0
1488;AUTO;4.34;0;0;0
1489;AUTO;1.05;0;0;0
1490;AUTO;1.61;0;0;0
1491;AUTO;1.47;0;0;0
1492;AUTO;2.5;0;0;0
1493;AUTO;2.32;0;0;0
1494;AUTO;2.14;0;0;0
1495;AUTO;2.65;0;0;0
1496;AUTO;2.7;0;0;0
1497;AUTO;6.31;0;0;0
1498;AUTO;1.15;0;0;0
1499;AUTO;9.46;0;0;0
1500;AUTO;3.95;0;0;0
1501;AUTO;1.18;0;0;0
1502;AUTO;3.46;0;0;0
1503;AUTO;1.24;0;0;0
1504;AUTO;1.32;0;0;0
1505;AUTO;1;0;0;0
1506;AUTO;3.26;0;0;0
1507;AUTO;7.27;0;0;0
1508;AUTO;6.79;0;0;0
1509;AUTO;1.28;0;0;0
1510;AUTO;1.82;0;0;0
1511;AUTO;1.66;0;0;0
1512;AUTO;1.68;0;0;0
1513;AUTO;7.22;0;0;0
1514;AUTO;23.78;0;0;0
1515;AUTO;9.5;0;0;0
1516;AUTO;1.3;0;0;0
1517;AUTO;1;0;0;0
1518;AUTO;2.54;0;0;0
1519;AUTO;25.29;0;0;0
1520;AUTO;1.92;0;0;0
1521;AUTO;2.13;0;0;0
1522;AUTO;2.22;0;0;0
1523;AUTO;4.95;0;0;0
1524;AUTO;1.17;0;0;0
1525;AUTO;2.72;0;0;0
1526;AUTO;2.01;0;0;0
1527;AUTO;1.18;0;0;0
1528;AUTO;1.74;0;0;0
1529;AUTO;2.14;0;0;0
1530;AUTO;1.48;0;0;0
1531;AUTO;5.26;0;0;0
1532;AUTO;1.05;0;0;0
1533;AUTO;1.16;0;0;0
1534;AUTO;1;0;0;0
1535;AUTO;2.82;0;0;0
1536;AUTO;1.43;0;0;0
1537;AUTO;1.84;0;0;0
1538;AUTO;26.93;0;0;0
1539;AUTO;1;0;0;0
1540;AUTO;1.26;0;0;0
1541;AUTO;1.03;0;0;0
1542;AUTO;1.41;0;0;0
1543;AUTO;3.29;0;0;0
1544;AUTO;1.1;0;0;0
1545;AUTO;5.67;0;0;0
1546;AUTO;1.04;0;0;0
1547;AUTO;30.18;0;0;0
1548;AUTO;3.15;0;0;0
1549;AUTO;1.17;0;0;0
1550;AUTO;7.59;0;0;0
1551;AUTO;4.17;0;0;0
1552;AUTO;1.3;0;0;0
1553;AUTO;1.93;0;0;0
1554;AUTO;2.43;0;0;0
1555;AUTO;1.49;0;0;0
1556;AUTO;1.83;0;0;0
1557;AUTO;1.95;0;0;0
1558;AUTO;20.64;0;0;0
1559;AUTO;1.76;0;0;0
1560;AUTO;1.2;0;0;0
1561;AUTO;23.83;0;0;0
1562;AUTO;1.26;0;0;0
1563;AUTO;1.08;0;0;0
1564;AUTO;5.17;0;0;0
1565;AUTO;3.64;0;0;0
1566;AUTO;2.14;0;0;0
1567;AUTO;1.6;0;0;0
1568;AUTO;1.17;0;0;0
1569;AUTO;1.24;0;0;0
1570;AUTO;1.44;0;0;0
1571;AUTO;1.86;0;0;0
1572;AUTO;1.93;0;0;0
1573;AUTO;1.45;0;0;0
1574;AUTO;2.08;0;0;0
1575;AUTO;7.38;0;0;0
1576;AUTO;1.11;0;0;0
1577;AUTO;1.61;0;0;0
1578;AUTO;7.52;0;0;0
1579;AUTO;28.07;0;0;0
1580;AUTO;1.87;0;0;0
1581;AUTO;1.25;0;0;0
1582;AUTO;1.02;0;0;0
1583;AUTO;1.07;0;0;0
1584;AUTO;1.11;0;0;0
1585;AUTO;2.28;0;0;0
1586;AUTO;1.12;0;0;0
1587;AUTO;1.43;0;0;0
1588;AUTO;1.03;0;0;0
1589;AUTO;2.03;0;0;0
1590;AUTO;1.15;0;0;0
1591;AUTO;1.01;0;0;0
1592;AUTO;2.57;0;0;0
1593;AUTO;3.4;0;0;0
1594;AUTO;1.57;0;0;0
1595;AUTO;5.56;0;0;0
1596;AUTO;2.2;0;0;0
1597;AUTO;1.29;0;0;0
1598;AUTO;1.11;0;0;0
1599;AUTO;4.13;0;0;0
1600;AUTO;330.17;0;0;0
1601;AUTO;1;0;0;0
1602;AUTO;1.42;0;0;0
1603;AUTO;5.53;0;0;0
1604;AUTO;5.95;0;0;0
1605;AUTO;2.62;0;0;0
1606;AUTO;5;0;0;0
1607;AUTO;1.43;0;0;0
1608;AUTO;2.48;0;0;0
1609;AUTO;4.06;0;0;0
1610;AUTO;2.45;0;0;0
1611;AUTO;12.6;0;0;0
1612;AUTO;1;0;0;0
1613;AUTO;4.91;0;0;0
1614;AUTO;1.02;0;0;0
1615;AUTO;7.3;0;0;0
1616;AUTO;2.26;0;0;0
1617;AUTO;1.01;0;0;0
1618;AUTO;2.62;0;0;0
1619;AUTO;2.88;0;0;0
1620;AUTO;2.52;0;0;0
1621;AUTO;1.27;0;0;0
1622;AUTO;14.04;0;0;0
1623;AUTO;1.14;0;0;0
1624;AUTO;2.39;0;0;0
1625;AUTO;2.69;0;0;0
1626;AUTO;1.11;0;0;0
1627;AUTO;1.96;0;0;0
1628;AUTO;5.58;0;0;0
1629;AUTO;204.48;0;0;0
1630;AUTO;2.02;0;0;0
1631;AUTO;2.98;0;0;0
1632;AUTO;34.97;0;0;0
1633;AUTO;2.72;0;0;0
1634;AUTO;1.81;0;0;0
1635;AUTO;1;0;0;0
1636;AUTO;1.1;0;0;0
1637;AUTO;1.41;0;0;0
1638;AUTO;1.93;0;0;0
1639;AUTO;3.38;0;0;0
1640;AUTO;2.79;0;0;0
1641;AUTO;7.22;0;0;0
1642;AUTO;4.93;0;0;0
1643;AUTO;1.71;0;0;0
1644;AUTO;5.54;0;0;0
1645;AUTO;26.56;0;0;0
1646;AUTO;2.28;0;0;0
1647;AUTO;1.83;0;0;0
1648;AUTO;1.44;0;0;0
1649;AUTO;1.08;0;0;0
1650;AUTO;1.7;0;0;0
1651;AUTO;3.24;0;0;0
1652;AUTO;1.08;0;0;0
1653;AUTO;2.29;0;0;0
1654;AUTO;11.33;0;0;0
1655;AUTO;1;0;0;0
1656;AUTO;1.06;0;0;0
1657;AUTO;1.78;0;0;0
1658;AUTO;9.13;0;0;0
1659;AUTO;1.62;0;0;0
1660;AUTO;1.28;0;0;0
1661;AUTO;1;0;0;0
1662;AUTO;2.01;0;0;0
1663;AUTO;1.06;0;0;0
1664;AUTO;1.26;0;0;0
1665;AUTO;1.88;0;0;0
1666;AUTO;1.1;0;0;0
1667;AUTO;1.12;0;0;0
1668;AUTO;1.1;0;0;0
1669;AUTO;1.24;0;0;0
1670;AUTO;9.13;0;0;0
1671;AUTO;4.69;0;0;0
1672;AUTO;1.03;0;0;0
1673;AUTO;1.7;0;0;0
1674;AUTO;1.79;0;0;0
1675;AUTO;5.19;0;0;0
1676;AUTO;1.08;0;0;0
1677;AUTO;2.22;0;0;0
1678;AUTO;2.32;0;0;0
1679;AUTO;6.02;0;0;0
1680;AUTO;1.71;0;0;0
1681;AUTO;30.51;0;0;0
1682;AUTO;1.1;0;0;0
1683;AUTO;1.28;0;0;0
1684;AUTO;1.04;0;0;0
1685;AUTO;2.54;0;0;0
1686;AUTO;1.09;0;0;0
1687;AUTO;1.16;0;0;0
1688;AUTO;1.21;0;0;0
1689;AUTO;1.28;0;0;0
1690;AUTO;2.22;0;0;0
1691;AUTO;1.7;0;0;0
1692;AUTO;4.99;0;0;0
1693;AUTO;5732.23;0;0;0
1694;AUTO;1.49;0;0;0
1695;AUTO;1.28;0;0;0
1696;AUTO;1.07;0;0;0
1697;AUTO;1;0;0;0
1698;AUTO;1.36;0;0;0
1699;AUTO;1;0;0;0
1700;AUTO;2.28;0;0;0
1701;AUTO;1.71;0;0;0
1702;AUTO;5.42;0;0;0
1703;AUTO;1.29;0;0;0
1704;AUTO;1.54;0;0;0
1705;AUTO;1.33;0;0;0
1706;AUTO;1.02;0;0;0
1707;AUTO;1.19;0;0;0
1708;AUTO;1.49;0;0;0
1709;AUTO;7.34;0;0;0
1710;AUTO;3.4;0;0;0
1711;AUTO;1.87;0;0;0
1712;AUTO;5.39;0;0;0
1713;AUTO;1.34;0;0;0
1714;AUTO;2.34;0;0;0
1715;AUTO;1.18;0;0;0
1716;AUTO;1.45;0;0;0
1717;AUTO;1;0;0;0
1718;AUTO;1.09;0;0;0
1719;AUTO;6.7;0;0;0
1720;AUTO;1.27;0;0;0
1721;AUTO;1.07;0;0;0
1722;AUTO;5.65;0;0;0
1723;AUTO;1.01;0;0;0
1724;AUTO;3.7;0;0;0
1725;AUTO;2.99;0;0;0
1726;AUTO;1.79;0;0;0
1727;AUTO;1.12;0;0;0
1728;AUTO;14.61;0;0;0
1729;AUTO;1.1;0;0;0
1730;AUTO;38.43;0;0;0
1731;AUTO;1.05;0;0;0
1732;AUTO;1.03;0;0;0
1733;AUTO;62.19;0;0;0
1734;AUTO;5.16;0;0;0
1735;AUTO;13.83;0;0;0
1736;AUTO;8.15;0;0;0
1737;AUTO;1.59;0;0;0
1738;AUTO;1.48;0;0;0
1739;AUTO;2.25;0;0;0
1740;AUTO;2.91;0;0;0
1741;AUTO;1.71;0;0;0
1742;AUTO;51.69;0;0;0
1743;AUTO;33.36;0;0;0
1744;AUTO;1.86;0;0;0
1745;AUTO;1.7;0;0;0
1746;AUTO;2.94;0;0;0
1747;AUTO;19.01;0;0;0
1748;AUTO;1.57;0;0;0
1749;AUTO;1.56;0;0;0
1750;AUTO;57.72;0;0;0
1751;AUTO;1.19;0;0;0
1752;AUTO;1.22;0;0;0
1753;AUTO;5.83;0;0;0
1754;AUTO;2.17;0;0;0
1755;AUTO;1.17;0;0;0
1756;AUTO;1.05;0;0;0
1757;AUTO;2.62;0;0;0
1758;AUTO;1.13;0;0;0
1759;AUTO;1;0;0;0
1760;AUTO;2.32;0;0;0
1761;AUTO;3.42;0;0;0
1762;AUTO;1.93;0;0;0
1763;AUTO;8.7;0;0;0
1764;AUTO;2.31;0;0;0
1765;AUTO;2.49;0;0;0
1766;AUTO;1.9;0;0;0
1767;AUTO;2.05;0;0;0
1768;AUTO;1.74;0;0;0
1769;AUTO;1.91;0;0;0
1770;AUTO;1.2;0;0;0
1771;AUTO;2.32;0;0;0
1772;AUTO;2.04;0;0;0
1773;AUTO;23.57;0;0;0
1774;AUTO;1.02;0;0;0
1775;AUTO;1;0;0;0
1776;AUTO;1.95;0;0;0
1777;AUTO;2.77;0;0;0
1778;AUTO;1.52;0;0;0
1779;AUTO;1.34;0;0;0
1780;AUTO;1.66;0;0;0
1781;AUTO;1.53;0;0;0
1782;AUTO;8.28;0;0;0
1783;AUTO;2.06;0;0;0
1784;AUTO;5.38;0;0;0
1785;AUTO;1.3;0;0;0
1786;AUTO;7.52;0;0;0
1787;AUTO;12.52;0;0;0
1788;AUTO;1.4;0;0;0
1789;AUTO;2.75;0;0;0
1790;AUTO;1.27;0;0;0
1791;AUTO;2.59;0;0;0
1792;AUTO;1.31;0;0;0
1793;AUTO;33.8;0;0;0
1794;AUTO;2.27;0;0;0
1795;AUTO;4.75;0;0;0
1796;AUTO;1.58;0;0;0
1797;AUTO;13.53;0;0;0
1798;AUTO;1.1;0;0;0
1799;AUTO;1.58;0;0;0
1800;AUTO;1.02;0;0;0
1801;AUTO;86.01;0;0;0
1802;AUTO;8.06;0;0;0
1803;AUTO;2.08;0;0;0
1804;AUTO;1.22;0;0;0
1805;AUTO;1.35;0;0;0
1806;AUTO;2.89;0;0;0
1807;AUTO;1.84;0;0;0
1808;AUTO;3.32;0;0;0
1809;AUTO;1.69;0;0;0
1810;AUTO;3757.05;0;0;0
1811;AUTO;1.24;0;0;0
1812;AUTO;2.61;0;0;0
1813;AUTO;1.45;0;0;0
1814;AUTO;1.5;0;0;0
1815;AUTO;1.12;0;0;0
1816;AUTO;3.91;0;0;0
1817;AUTO;6.73;0;0;0
1818;AUTO;3.22;0;0;0
1819;AUTO;1.11;0;0;0
1820;AUTO;6.73;0;0;0
1821;AUTO;1.35;0;0;0
1822;AUTO;244.24;0;0;0
1823;AUTO;3.16;0;0;0
1824;AUTO;3.93;0;0;0
1825;AUTO;1.02;0;0;0
1826;AUTO;1.3;0;0;0
1827;AUTO;2.17;0;0;0
1828;AUTO;2.84;0;0;0
1829;AUTO;1.08;0;0;0
1830;AUTO;1;0;0;0
1831;AUTO;19.19;0;0;0
1832;AUTO;165.05;0;0;0
1833;AUTO;1.1;0;0;0
1834;AUTO;1;0;0;0
1835;AUTO;1.64;0;0;0
1836;AUTO;8.09;0;0;0
1837;AUTO;1.26;0;0;0
1838;AUTO;1.17;0;0;0
1839;AUTO;1.08;0;0;0
1840;AUTO;1.77;0;0;0
1841;AUTO;2.96;0;0;0
1842;AUTO;3.24;0;0;0
1843;AUTO;1.01;0;0;0
1844;AUTO;1.94;0;0;0
1845;AUTO;4.66;0;0;0
1846;AUTO;25.42;0;0;0
1847;AUTO;1.71;0;0;0
1848;AUTO;1.21;0;0;0
1849;AUTO;1.27;0;0;0
1850;AUTO;1.12;0;0;0
1851;AUTO;2.47;0;0;0
1852;AUTO;1.01;0;0;0
1853;AUTO;1;0;0;0
1854;AUTO;3.26;0;0;0
1855;AUTO;2.16;0;0;0
1856;AUTO;1.19;0;0;0
1857;AUTO;1.19;0;0;0
1858;AUTO;1.11;0;0;0
1859;AUTO;11.81;0;0;0
1860;AUTO;1.05;0;0;0
1861;AUTO;1.93;0;0;0
1862;AUTO;1.48;0;0;0
1863;AUTO;2.8;0;0;0
1864;AUTO;2.52;0;0;0
1865;AUTO;1.62;0;0;0
1866;AUTO;1.41;0;0;0
1867;AUTO;1.27;0;0;0
1868;AUTO;1.69;0;0;0
1869;AUTO;3.01;0;0;0
1870;AUTO;3.99;0;0;0
1871;AUTO;6.99;0;0;0
1872;AUTO;1.83;0;0;0
1873;AUTO;1.29;0;0;0
1874;AUTO;1.77;0;0;0
1875;AUTO;1.91;0;0;0
1876;AUTO;1.68;0;0;0
1877;AUTO;2.15;0;0;0
1878;AUTO;1.32;0;0;0
1879;AUTO;5.08;0;0;0
1880;AUTO;1.19;0;0;0
1881;AUTO;3.03;0;0;0
1882;AUTO;7.68;0;0;0
1883;AUTO;4.03;0;0;0
1884;AUTO;2.95;0;0;0
1885;AUTO;1.34;0;0;0
1886;AUTO;2.31;0;0;0
1887;AUTO;1.51;0;0;0
1888;AUTO;9.32;0;0;0
1889;AUTO;3.59;0;0;0
1890;AUTO;163.23;0;0;0
1891;AUTO;1.84;0;0;0
1892;AUTO;2.68;0;0;0
1893;AUTO;4.49;0;0;0
1894;AUTO;32.85;0;0;0
1895;AUTO;1.31;0;0;0
1896;AUTO;2.63;0;0;0
1897;AUTO;6.27;0;0;0
1898;AUTO;1.46;0;0;0
1899;AUTO;2.32;0;0;0
1900;AUTO;2.01;0;0;0
1901;AUTO;3.28;0;0;0
1902;AUTO;1.41;0;0;0
1903;AUTO;1.33;0;0;0
1904;AUTO;3.32;0;0;0
1905;AUTO;2.81;0;0;0
1906;AUTO;8.94;0;0;0
1907;AUTO;1;0;0;0
1908;AUTO;2.08;0;0;0
1909;AUTO;4.81;0;0;0
1910;AUTO;2.05;0;0;0
1911;AUTO;4.32;0;0;0
1912;AUTO;3.11;0;0;0
1913;AUTO;1.07;0;0;0
1914;AUTO;1;0;0;0
1915;AUTO;1.89;0;0;0
1916;AUTO;1.25;0;0;0
1917;AUTO;1.11;0;0;0
1918;AUTO;16.29;0;0;0
1919;AUTO;4.67;0;0;0
1920;AUTO;1.56;0;0;0
1921;AUTO;3.12;0;0;0
1922;AUTO;1.3;0;0;0
1923;AUTO;1.35;0;0;0
1924;AUTO;1.38;0;0;0
1925;AUTO;2.42;0;0;0
1926;AUTO;1.01;0;0;0
1927;AUTO;1.06;0;0;0
1928;AUTO;1.31;0;0;0
1929;AUTO;1.32;0;0;0
1930;AUTO;4.12;0;0;0
1931;AUTO;1.76;0;0;0
1932;AUTO;1.66;0;0;0
1933;AUTO;1.65;0;0;0
1934;AUTO;1.27;0;0;0
1935;AUTO;1.89;0;0;0
1936;AUTO;3.43;0;0;0
1937;AUTO;3.12;0;0;0
1938;AUTO;2.02;0;0;0
1939;AUTO;1.89;0;0;0
1940;AUTO;2.51;0;0;0
1941;AUTO;2.08;0;0;0
1942;AUTO;4.48;0;0;0
1943;AUTO;1.5;0;0;0
1944;AUTO;5.81;0;0;0
1945;AUTO;1.4;0;0;0
1946;AUTO;1.03;0;0;0
1947;AUTO;1.78;0;0;0
1948;AUTO;27.91;0;0;0
1949;AUTO;3.89;0;0;0
1950;AUTO;1.5;0;0;0
1951;AUTO;247.22;0;0;0
1952;AUTO;3.96;0;0;0
1953;AUTO;9.61;0;0;0
1954;AUTO;1.77;0;0;0
1955;AUTO;1.1;0;0;0
1956;AUTO;6.52;0;0;0
1957;AUTO;1.97;0;0;0
1958;AUTO;1.09;0;0;0
1959;AUTO;1.44;0;0;0
1960;AUTO;152.6;0;0;0
1961;AUTO;2.36;0;0;0
1962;AUTO;4.11;0;0;0
1963;AUTO;1.28;0;0;0
1964;AUTO;1;0;0;0
1965;AUTO;3.66;0;0;0
1966;AUTO;1.98;0;0;0
1967;AUTO;2.54;0;0;0
1968;AUTO;25.32;0;0;0
1969;AUTO;4.09;0;0;0
1970;AUTO;8.21;0;0;0
1971;AUTO;18.99;0;0;0
1972;AUTO;14.37;0;0;0
1973;AUTO;1.52;0;0;0
1974;AUTO;5.14;0;0;0
1975;AUTO;3.61;0;0;0
1976;AUTO;3.69;0;0;0
1977;AUTO;1.08;0;0;0
1978;AUTO;4.15;0;0;0
1979;AUTO;13.31;0;0;0
1980;AUTO;2.26;0;0;0
1981;AUTO;2.13;0;0;0
1982;AUTO;1.36;0;0;0
1983;AUTO;2.95;0;0;0
1984;AUTO;8.36;0;0;0
1985;AUTO;1.46;0;0;0
1986;AUTO;6213.72;0;0;0
1987;AUTO;3.96;0;0;0
1988;AUTO;4.88;0;0;0
1989;AUTO;1.53;0;0;0
1990;AUTO;1;0;0;0
1991;AUTO;1.19;0;0;0
1992;AUTO;7.53;0;0;0
1993;AUTO;1.71;0;0;0
1994;AUTO;2.58;0;0;0
1995;AUTO;1.13;0;0;0
1996;AUTO;1.96;0;0;0
1997;AUTO;1.18;0;0;0
1998;AUTO;14.14;0;0;0
1999;AUTO;2.1;0;0;0
2000;AUTO;1.5;0;0;0
2001;AUTO;1.69;0;0;0
2002;AUTO;1.62;0;0;0
2003;AUTO;1.12;0;0;0
2004;AUTO;3.66;0;0;0
2005;AUTO;1.29;0;0;0
2006;AUTO;1.19;0;0;0
2007;AUTO;2.67;0;0;0
2008;AUTO;2.45;0;0;0
2009;AUTO;1.68;0;0;0
2010;AUTO;16.15;0;0;0
2011;AUTO;2.55;0;0;0
2012;AUTO;1.52;0;0;0
2013;AUTO;1.57;0;0;0
2014;AUTO;2.56;0;0;0
2015;AUTO;1.92;0;0;0
2016;AUTO;2.25;0;0;0
2017;AUTO;1.49;0;0;0
2018;AUTO;8.62;0;0;0
2019;AUTO;4.09;0;0;0
2020;AUTO;1;0;0;0
2021;AUTO;22.73;0;0;0
2022;AUTO;3.52;0;0;0
2023;AUTO;1.7;0;0;0
2024;AUTO;1.35;0;0;0
2025;AUTO;1.69;0;0;0
2026;AUTO;1;0;0;0
2027;AUTO;1.03;0;0;0
2028;AUTO;1.14;0;0;0
2029;AUTO;1.08;0;0;0
2030;AUTO;9.55;0;0;0
2031;AUTO;2.75;0;0;0
2032;AUTO;1.25;0;0;0
2033;AUTO;1.27;0;0;0
2034;AUTO;6.98;0;0;0
2035;AUTO;5.54;0;0;0
2036;AUTO;2.34;0;0;0
2037;AUTO;1.93;0;0;0
2038;AUTO;1.22;0;0;0
2039;AUTO;1;0;0;0
2040;AUTO;6.75;0;0;0
2041;AUTO;1.05;0;0;0
2042;AUTO;1.01;0;0;0
2043;AUTO;1;0;0;0
2044;AUTO;5.28;0;0;0
2045;AUTO;1.39;0;0;0
2046;AUTO;11.6;0;0;0
2047;AUTO;1.4;0;0;0
2048;AUTO;7.11;0;0;0
2049;AUTO;3.68;0;0;0
2050;AUTO;1.78;0;0;0
2051;AUTO;4.85;0;0;0
2052;AUTO;40.17;0;0;0
2053;AUTO;11.23;0;0;0
2054;AUTO;2.74;0;0;0
2055;AUTO;1.05;0;0;0
2056;AUTO;2.02;0;0;0
2057;AUTO;2.09;0;0;0
2058;AUTO;1.18;0;0;0
2059;AUTO;5.26;0;0;0
2060;AUTO;1.13;0;0;0
2061;AUTO;1.05;0;0;0
2062;AUTO;1.65;0;0;0
2063;AUTO;1.75;0;0;0
2064;AUTO;3.31;0;0;0
2065;AUTO;1.18;0;0;0
2066;AUTO;2.2;0;0;0
2067;AUTO;1.27;0;0;0
2068;AUTO;1.58;0;0;0
2069;AUTO;1;0;0;0
2070;AUTO;1.22;0;0;0
2071;AUTO;1.17;0;0;0
2072;AUTO;1.7;0;0;0
2073;AUTO;1.06;0;0;0
2074;AUTO;1;0;0;0
2075;AUTO;9.57;0;0;0
2076;AUTO;13.42;0;0;0
2077;AUTO;1.42;0;0;0
2078;AUTO;1.18;0;0;0
2079;AUTO;1.07;0;0;0
2080;AUTO;1.58;0;0;0
2081;AUTO;1.48;0;0;0
2082;AUTO;1.38;0;0;0
2083;AUTO;2.11;0;0;0
2084;AUTO;1.45;0;0;0
2085;AUTO;1.9;0;0;0
2086;AUTO;1.31;0;0;0
2087;AUTO;6.43;0;0;0
2088;AUTO;1.17;0;0;0
2089;AUTO;1.54;0;0;0
2090;AUTO;1.53;0;0;0
2091;AUTO;1.37;0;0;0
2092;AUTO;1.54;0;0;0
2093;AUTO;1.02;0;0;0
2094;AUTO;2.65;0;0;0
2095;AUTO;1.74;0;0;0
2096;AUTO;1.09;0;0;0
2097;AUTO;9.39;0;0;0
2098;AUTO;1.64;0;0;0
2099;AUTO;4.83;0;0;0
2100;AUTO;186.51;0;0;0
2101;AUTO;3.01;0;0;0
2102;AUTO;9.35;0;0;0
2103;AUTO;1.79;0;0;0
2104;AUTO;1.16;0;0;0
2105;AUTO;18.56;0;0;0
2106;AUTO;6.63;0;0;0
2107;AUTO;2.9;0;0;0
2108;AUTO;2.36;0;0;0
2109;AUTO;1.41;0;0;0
2110;AUTO;1.84;0;0;0
2111;AUTO;2.22;0;0;0
2112;AUTO;1.84;0;0;0
2113;AUTO;1.45;0;0;0
2114;AUTO;1.13;0;0;0
2115;AUTO;3.3;0;0;0
2116;AUTO;3.75;0;0;0
2117;AUTO;4.28;0;0;0
2118;AUTO;1.18;0;0;0
2119;AUTO;1.91;0;0;0
2120;AUTO;1.79;0;0;0
2121;AUTO;2.17;0;0;0
2122;AUTO;3.45;0;0;0
2123;AUTO;1.4;0;0;0
2124;AUTO;4.57;0;0;0
2125;AUTO;4.91;0;0;0
2126;AUTO;43.48;0;0;0
2127;AUTO;1.38;0;0;0
2128;AUTO;1.03;0;0;0
2129;AUTO;1.15;0;0;0
2130;AUTO;15.23;0;0;0
2131;AUTO;1.15;0;0;0
2132;AUTO;1.27;0;0;0
2133;AUTO;3.34;0;0;0
2134;AUTO;2.09;0;0;0
2135;AUTO;1;0;0;0
2136;AUTO;23;0;0;0
2137;AUTO;2.3;0;0;0
2138;AUTO;10.07;0;0;0
2139;AUTO;1.86;0;0;0
2140;AUTO;2.57;0;0;0
2141;AUTO;1.24;0;0;0
2142;AUTO;1.75;0;0;0
2143;AUTO;2.6;0;0;0
2144;AUTO;2.13;0;0;0
2145;AUTO;1.9;0;0;0
2146;AUTO;1.71;0;0;0
2147;AUTO;1.57;0;0;0
2148;AUTO;1.66;0;0;0
2149;AUTO;1.08;0;0;0
2150;AUTO;2.8;0;0;0
2151;AUTO;1.09;0;0;0
2152;AUTO;1.06;0;0;0
2153;AUTO;1.04;0;0;0
2154;AUTO;1.41;0;0;0
2155;AUTO;1.64;0;0;0
2156;AUTO;1.1;0;0;0
2157;AUTO;10.45;0;0;0
2158;AUTO;2.19;0;0;0
2159;AUTO;1.29;0;0;0
2160;AUTO;7.42;0;0;0
2161;AUTO;40.61;0;0;0
2162;AUTO;3.02;0;0;0
2163;AUTO;1.47;0;0;0
2164;AUTO;4.23;0;0;0
2165;AUTO;1;0;0;0
2166;AUTO;1.15;0;0;0
2167;AUTO;1.29;0;0;0
2168;AUTO;1.46;0;0;0
2169;AUTO;1.06;0;0;0
2170;AUTO;1.12;0;0;0
2171;AUTO;1.58;0;0;0
2172;AUTO;1;0;0;0
2173;AUTO;4498.61;0;0;0
2174;AUTO;6.33;0;0;0
2175;AUTO;6.49;0;0;0
2176;AUTO;1.4;0;0;0
2177;AUTO;1.82;0;0;0
2178;AUTO;1.06;0;0;0
2179;AUTO;1.15;0;0;0
2180;AUTO;1.35;0;0;0
2181;AUTO;2.91;0;0;0
2182;AUTO;1.44;0;0;0
2183;AUTO;1.14;0;0;0
2184;AUTO;3.87;0;0;0
2185;AUTO;1.27;0;0;0
2186;AUTO;3.39;0;0;0
2187;AUTO;1.14;0;0;0
2188;AUTO;3.28;0;0;0
2189;AUTO;2.95;0;0;0
2190;AUTO;1.74;0;0;0
2191;AUTO;1.54;0;0;0
2192;AUTO;1;0;0;0
2193;AUTO;3.33;0;0;0
2194;AUTO;13.49;0;0;0
2195;AUTO;1079;0;0;0
2196;AUTO;1.4;0;0;0
2197;AUTO;1.28;0;0;0
2198;AUTO;2.7;0;0;0
2199;AUTO;1.28;0;0;0
2200;AUTO;2.3;0;0;0
2201;AUTO;1.36;0;0;0
2202;AUTO;5.75;0;0;0
2203;AUTO;1.48;0;0;0
2204;AUTO;8.96;0;0;0
2205;AUTO;5.41;0;0;0
2206;AUTO;1.1;0;0;0
2207;AUTO;1.51;0;0;0
2208;AUTO;173.67;0;0;0
2209;AUTO;3.53;0;0;0
2210;AUTO;4.06;0;0;0
2211;AUTO;2.77;0;0;0
2212;AUTO;237.68;0;0;0
2213;AUTO;2.1;0;0;0
2214;AUTO;2.63;0;0;0
2215;AUTO;1.02;0;0;0
2216;AUTO;7.08;0;0;0
2217;AUTO;4.75;0;0;0
2218;AUTO;2.58;0;0;0
2219;AUTO;1.94;0;0;0
2220;AUTO;2.22;0;0;0
2221;AUTO;1.93;0;0;0
2222;AUTO;1.35;0;0;0
2223;AUTO;3.19;0;0;0
2224;AUTO;2.16;0;0;0
2225;AUTO;1.07;0;0;0
2226;AUTO;2.83;0;0;0
2227;AUTO;1.96;0;0;0
2228;AUTO;8.18;0;0;0
2229;AUTO;1.79;0;0;0
2230;AUTO;1.76;0;0;0
2231;AUTO;2.86;0;0;0
2232;AUTO;3.3;0;0;0
2233;AUTO;2.12;0;0;0
2234;AUTO;1.04;0;0;0
2235;AUTO;1.4;0;0;0
2236;AUTO;1.14;0;0;0
2237;AUTO;1.26;0;0;0
2238;AUTO;1.36;0;0;0
2239;AUTO;1.88;0;0;0
2240;AUTO;5.63;0;0;0
2241;AUTO;2.1;0;0;0
2242;AUTO;1.45;0;0;0
2243;AUTO;19.55;0;0;0
2244;AUTO;1.52;0;0;0
2245;AUTO;1.09;0;0;0
2246;AUTO;1.2;0;0;0
2247;AUTO;2.9;0;0;0
2248;AUTO;1.47;0;0;0
2249;AUTO;1;0;0;0
2250;AUTO;1.9;0;0;0
2251;AUTO;4.92;0;0;0
2252;AUTO;13.17;0;0;0
2253;AUTO;7.72;0;0;0
2254;AUTO;1.5;0;0;0
2255;AUTO;1.07;0;0;0
2256;AUTO;1.05;0;0;0
2257;AUTO;2.01;0;0;0
2258;AUTO;1.25;0;0;0
2259;AUTO;4.73;0;0;0
2260;AUTO;3.09;0;0;0
2261;AUTO;1.67;0;0;0
2262;AUTO;1.58;0;0;0
2263;AUTO;1.14;0;0;0
2264;AUTO;3.23;0;0;0
2265;AUTO;1.91;0;0;0
2266;AUTO;2.29;0;0;0
2267;AUTO;2.39;0;0;0
2268;AUTO;14.07;0;0;0
2269;AUTO;1.29;0;0;0
2270;AUTO;1.28;0;0;0
2271;AUTO;1.09;0;0;0
2272;AUTO;3.27;0;0;0
2273;AUTO;3.04;0;0;0
2274;AUTO;2.12;0;0;0
2275;AUTO;2.97;0;0;0
2276;AUTO;1.28;0;0;0
2277;AUTO;4.51;0;0;0
2278;AUTO;35.16;0;0;0
2279;AUTO;1.18;0;0;0
2280;AUTO;3.58;0;0;0
2281;AUTO;2.27;0;0;0
2282;AUTO;1.23;0;0;0
2283;AUTO;1.92;0;0;0
2284;AUTO;2.28;0;0;0
2285;AUTO;4.46;0;0;0
2286;AUTO;1.23;0;0;0
2287;AUTO;1.42;0;0;0
2288;AUTO;5.54;0;0;0
2289;AUTO;1736;0;0;0
2290;AUTO;6.66;0;0;0
2291;AUTO;2.97;0;0;0
2292;AUTO;3.45;0;0;0
2293;AUTO;1.08;0;0;0
2294;AUTO;1;0;0;0
2295;AUTO;1.37;0;0;0
2296;AUTO;4.61;0;0;0
2297;AUTO;10.59;0;0;0
2298;AUTO;1.21;0;0;0
2299;AUTO;1.5;0;0;0
2300;AUTO;2.41;0;0;0
2301;AUTO;1.72;0;0;0
2302;AUTO;16.47;0;0;0
2303;AUTO;104.55;0;0;0
2304;AUTO;2.14;0;0;0
2305;AUTO;3.82;0;0;0
2306;AUTO;1;0;0;0
2307;AUTO;2.08;0;0;0
2308;AUTO;1.58;0;0;0
2309;AUTO;3.16;0;0;0
2310;AUTO;1.5;0;0;0
2311;AUTO;1;0;0;0
2312;AUTO;30.37;0;0;0
2313;AUTO;1.45;0;0;0
2314;AUTO;1.01;0;0;0
2315;AUTO;1.03;0;0;0
2316;AUTO;1.47;0;0;0
2317;AUTO;7.63;0;0;0
2318;AUTO;15.23;0;0;0
2319;AUTO;2.07;0;0;0
2320;AUTO;1.14;0;0;0
2321;AUTO;2.5;0;0;0
2322;AUTO;31.92;0;0;0
2323;AUTO;1.04;0;0;0
2324;AUTO;1.56;0;0;0
2325;AUTO;1.54;0;0;0
2326;AUTO;2.17;0;0;0
2327;AUTO;7.16;0;0;0
2328;AUTO;1.76;0;0;0
2329;AUTO;1;0;0;0
2330;AUTO;1.81;0;0;0
2331;AUTO;27.63;0;0;0
2332;AUTO;1.01;0;0;0
2333;AUTO;1.06;0;0;0
2334;AUTO;1.6;0;0;0
2335;AUTO;4.53;0;0;0
2336;AUTO;1.78;0;0;0
2337;AUTO;1.09;0;0;0
2338;AUTO;1;0;0;0
2339;AUTO;2.77;0;0;0
2340;AUTO;3.48;0;0;0
2341;AUTO;3.66;0;0;0
2342;AUTO;303.5;0;0;0
2343;AUTO;1.01;0;0;0
2344;AUTO;1;0;0;0
2345;AUTO;2.12;0;0;0
2346;AUTO;1.77;0;0;0
2347;AUTO;5.36;0;0;0
2348;AUTO;2.46;0;0;0
2349;AUTO;2.67;0;0;0
2350;AUTO;1.54;0;0;0
2351;AUTO;1.73;0;0;0
2352;AUTO;2.06;0;0;0
2353;AUTO;1.26;0;0;0
2354;AUTO;1.42;0;0;0
2355;AUTO;1.39;0;0;0
2356;AUTO;3.85;0;0;0
2357;AUTO;1.33;0;0;0
2358;AUTO;1.04;0;0;0
2359;AUTO;2.32;0;0;0
2360;AUTO;2.04;0;0;0
2361;AUTO;6.13;0;0;0
2362;AUTO;41.31;0;0;0
2363;AUTO;3.44;0;0;0
2364;AUTO;1.61;0;0;0
2365;AUTO;1.47;0;0;0
2366;AUTO;1.07;0;0;0
2367;AUTO;1.48;0;0;0
2368;AUTO;1.82;0;0;0
2369;AUTO;3.92;0;0;0
2370;AUTO;24.26;0;0;0
2371;AUTO;1.13;0;0;0
2372;AUTO;2.98;0;0;0
2373;AUTO;1.54;0;0;0
2374;AUTO;1.43;0;0;0
2375;AUTO;1.07;0;0;0
2376;AUTO;3.9;0;0;0
2377;AUTO;5.44;0;0;0
2378;AUTO;3.02;0;0;0
2379;AUTO;6.38;0;0;0
2380;AUTO;7.82;0;0;0
2381;AUTO;1.72;0;0;0
2382;AUTO;1.01;0;0;0
2383;AUTO;1.25;0;0;0
2384;AUTO;1.2;0;0;0
2385;AUTO;2.83;0;0;0
2386;AUTO;1.37;0;0;0
2387;AUTO;1.87;0;0;0
2388;AUTO;12.49;0;0;0
2389;AUTO;1;0;0;0
2390;AUTO;1.28;0;0;0
2391;AUTO;1.32;0;0;0
2392;AUTO;1.2;0;0;0
2393;AUTO;1.06;0;0;0
2394;AUTO;1.22;0;0;0
2395;AUTO;1.3;0;0;0
2396;AUTO;1;0;0;0
2397;AUTO;1.03;0;0;0
2398;AUTO;3.93;0;0;0
2399;AUTO;8.45;0;0;0
2400;AUTO;1.28;0;0;0
2401;AUTO;38.49;0;0;0
2402;AUTO;1.12;0;0;0
2403;AUTO;2.59;0;0;0
2404;AUTO;1.66;0;0;0
2405;AUTO;1.29;0;0;0
2406;AUTO;1.18;0;0;0
2407;AUTO;1;0;0;0
2408;AUTO;10.76;0;0;0
2409;AUTO;4.19;0;0;0
2410;AUTO;2.55;0;0;0
2411;AUTO;1.06;0;0;0
2412;AUTO;1.47;0;0;0
2413;AUTO;1.59;0;0;0
2414;AUTO;27.77;0;0;0
2415;AUTO;1.29;0;0;0
2416;AUTO;3.96;0;0;0
2417;AUTO;4.09;0;0;0
2418;AUTO;1.72;0;0;0
2419;AUTO;1.91;0;0;0
2420;AUTO;8.87;0;0;0
2421;AUTO;1.95;0;0;0
2422;AUTO;1;0;0;0
2423;AUTO;11.02;0;0;0
2424;AUTO;1.23;0;0;0
2425;AUTO;1.07;0;0;0
2426;AUTO;5.82;0;0;0
2427;AUTO;1.48;0;0;0
2428;AUTO;1.23;0;0;0
2429;AUTO;2.26;0;0;0
2430;AUTO;1.16;0;0;0
2431;AUTO;23;0;0;0
2432;AUTO;3.85;0;0;0
2433;AUTO;1.01;0;0;0
2434;AUTO;1.82;0;0;0
2435;AUTO;3.05;0;0;0
2436;AUTO;4.14;0;0;0
2437;AUTO;1.64;0;0;0
2438;AUTO;1.09;0;0;0
2439;AUTO;1.96;0;0;0
2440;AUTO;1.19;0;0;0
2441;AUTO;13.01;0;0;0
2442;AUTO;1.27;0;0;0
2443;AUTO;2.21;0;0;0
2444;AUTO;1.14;0;0;0
2445;AUTO;2.47;0;0;0
2446;AUTO;2.2;0;0;0
2447;AUTO;1.02;0;0;0
2448;AUTO;1.58;0;0;0
2449;AUTO;1.25;0;0;0
2450;AUTO;1.92;0;0;0
2451;AUTO;5.38;0;0;0
2452;AUTO;2.3;0;0;0
2453;AUTO;1;0;0;0
2454;AUTO;1.14;0;0;0
2455;AUTO;6.44;0;0;0
2456;AUTO;2.11;0;0;0
2457;AUTO;1.09;0;0;0
2458;AUTO;9.35;0;0;0
2459;AUTO;3.36;0;0;0
2460;AUTO;2.32;0;0;0
2461;AUTO;2.05;0;0;0
2462;AUTO;8.78;0;0;0
2463;AUTO;3.3;0;0;0
2464;AUTO;7.85;0;0;0
2465;AUTO;1.21;0;0;0
2466;AUTO;1.32;0;0;0
2467;AUTO;4.63;0;0;0
2468;AUTO;1.08;0;0;0
2469;AUTO;31.64;0;0;0
2470;AUTO;5.42;0;0;0
2471;AUTO;1.65;0;0;0
2472;AUTO;2.52;0;0;0
2473;AUTO;6.16;0;0;0
2474;AUTO;10.47;0;0;0
2475;AUTO;3.05;0;0;0
2476;AUTO;1.15;0;0;0
2477;AUTO;3.78;0;0;0
2478;AUTO;16.01;0;0;0
2479;AUTO;1.94;0;0;0
2480;AUTO;1.71;0;0;0
2481;AUTO;2.82;0;0;0
2482;AUTO;10.34;0;0;0
2483;AUTO;1.08;0;0;0
2484;AUTO;1.61;0;0;0
2485;AUTO;2.61;0;0;0
2486;AUTO;1.17;0;0;0
2487;AUTO;4.62;0;0;0
2488;AUTO;1.23;0;0;0
2489;AUTO;2.78;0;0;0
2490;AUTO;3.27;0;0;0
2491;AUTO;1;0;0;0
2492;AUTO;1.56;0;0;0
2493;AUTO;1.1;0;0;0
2494;AUTO;1.42;0;0;0
2495;AUTO;1;0;0;0
2496;AUTO;1.15;0;0;0
2497;AUTO;1.11;0;0;0
2498;AUTO;1.02;0;0;0
2499;AUTO;3.32;0;0;0
2500;AUTO;7.93;0;0;0
2501;AUTO;62.28;0;0;0
2502;AUTO;1.15;0;0;0
2503;AUTO;1.35;0;0;0
2504;AUTO;1.47;0;0;0
2505;AUTO;2.31;0;0;0
2506;AUTO;1.43;0;0;0
2507;AUTO;1;0;0;0
2508;AUTO;2.48;0;0;0
2509;AUTO;1.1;0;0;0
2510;AUTO;2.39;0;0;0
2511;AUTO;1.83;0;0;0
2512;AUTO;1.26;0;0;0
2513;AUTO;1;0;0;0
2514;AUTO;2.24;0;0;0
2515;AUTO;1.81;0;0;0
2516;AUTO;1.25;0;0;0
2517;AUTO;1.8;0;0;0
2518;AUTO;1.26;0;0;0
2519;AUTO;43.68;0;0;0
2520;AUTO;1.85;0;0;0
2521;AUTO;34.66;0;0;0
2522;AUTO;2.56;0;0;0
2523;AUTO;1.1;0;0;0
2524;AUTO;4.03;0;0;0
2525;AUTO;1.48;0;0;0
2526;AUTO;2.68;0;0;0
2527;AUTO;1.49;0;0;0
2528;AUTO;1.93;0;0;0
2529;AUTO;1.13;0;0;0
2530;AUTO;2.37;0;0;0
2531;AUTO;2.74;0;0;0
2532;AUTO;1.18;0;0;0
2533;AUTO;5.33;0;0;0
2534;AUTO;2.11;0;0;0
2535;AUTO;1.41;0;0;0
2536;AUTO;1.25;0;0;0
2537;AUTO;2.17;0;0;0
2538;AUTO;1.8;0;0;0
2539;AUTO;5.94;0;0;0
2540;AUTO;1.18;0;0;0
2541;AUTO;18.24;0;0;0
2542;AUTO;2.02;0;0;0
2543;AUTO;2.56;0;0;0
2544;AUTO;5.56;0;0;0
2545;AUTO;1.27;0;0;0
2546;AUTO;1.05;0;0;0
2547;AUTO;10.78;0;0;0
2548;AUTO;3.64;0;0;0
2549;AUTO;1.2;0;0;0
2550;AUTO;1.8;0;0;0
2551;AUTO;35.7;0;0;0
2552;AUTO;2.1;0;0;0
2553;AUTO;7.1;0;0;0
2554;AUTO;19.91;0;0;0
2555;AUTO;2.91;0;0;0
2556;AUTO;2.7;0;0;0
2557;AUTO;1.11;0;0;0
2558;AUTO;7;0;0;0
2559;AUTO;1.84;0;0;0
2560;AUTO;2.95;0;0;0
2561;AUTO;1;0;0;0
2562;AUTO;3.96;0;0;0
2563;AUTO;1.31;0;0;0
2564;AUTO;1.11;0;0;0
2565;AUTO;2.16;0;0;0
2566;AUTO;1.32;0;0;0
2567;AUTO;1.71;0;0;0
2568;AUTO;2.18;0;0;0
2569;AUTO;2.07;0;0;0
2570;AUTO;2.5;0;0;0
2571;AUTO;1.06;0;0;0
2572;AUTO;3.83;0;0;0
2573;AUTO;1;0;0;0
2574;AUTO;2.46;0;0;0
2575;AUTO;30.24;0;0;0
2576;AUTO;1.21;0;0;0
2577;AUTO;2.59;0;0;0
2578;AUTO;41.04;0;0;0
2579;AUTO;1.04;0;0;0
2580;AUTO;3.26;0;0;0
2581;AUTO;4.53;0;0;0
2582;AUTO;4.13;0;0;0
2583;AUTO;2.93;0;0;0
2584;AUTO;1.74;0;0;0
2585;AUTO;1.69;0;0;0
2586;AUTO;3.5;0;0;0
2587;AUTO;2.02;0;0;0
2588;AUTO;101.19;0;0;0
2589;AUTO;22.05;0;0;0
2590;AUTO;1.61;0;0;0
2591;AUTO;1.51;0;0;0
2592;AUTO;2.44;0;0;0
2593;AUTO;2.99;0;0;0
2594;AUTO;18.36;0;0;0
2595;AUTO;3.87;0;0;0
2596;AUTO;10.1;0;0;0
2597;AUTO;1.02;0;0;0
2598;AUTO;2.91;0;0;0
2599;AUTO;13.96;0;0;0
2600;AUTO;5079.11;0;0;0
2601;AUTO;1.19;0;0;0
2602;AUTO;3.15;0;0;0
2603;AUTO;21.62;0;0;0
2604;AUTO;1;0;0;0
2605;AUTO;1.35;0;0;0
2606;AUTO;5.74;0;0;0
2607;AUTO;2.14;0;0;0
2608;AUTO;13.32;0;0;0
2609;AUTO;5.99;0;0;0
2610;AUTO;5.21;0;0;0
2611;AUTO;1.9;0;0;0
2612;AUTO;121.72;0;0;0
2613;AUTO;4.43;0;0;0
2614;AUTO;4.19;0;0;0
2615;AUTO;1.14;0;0;0
2616;AUTO;2.78;0;0;0
2617;AUTO;1.8;0;0;0
2618;AUTO;1.71;0;0;0
2619;AUTO;6.82;0;0;0
2620;AUTO;1.05;0;0;0
2621;AUTO;4.6;0;0;0
2622;AUTO;1.15;0;0;0
2623;AUTO;1.81;0;0;0
2624;AUTO;1.54;0;0;0
2625;AUTO;19.77;0;0;0
2626;AUTO;3.15;0;0;0
2627;AUTO;2.3;0;0;0
2628;AUTO;1.1;0;0;0
2629;AUTO;1.72;0;0;0
2630;AUTO;1.6;0;0;0
2631;AUTO;3.08;0;0;0
2632;AUTO;1.31;0;0;0
2633;AUTO;1.39;0;0;0
2634;AUTO;4.36;0;0;0
2635;AUTO;3.23;0;0;0
2636;AUTO;4.04;0;0;0
2637;AUTO;2.54;0;0;0
2638;AUTO;1;0;0;0
2639;AUTO;1.84;0;0;0
2640;AUTO;1;0;0;0
2641;AUTO;3.46;0;0;0
2642;AUTO;3.6;0;0;0
2643;AUTO;2.85;0;0;0
2644;AUTO;1.08;0;0;0
2645;AUTO;1.7;0;0;0
2646;AUTO;110.57;0;0;0
2647;AUTO;1.89;0;0;0
2648;AUTO;1.12;0;0;0
2649;AUTO;22.49;0;0;0
2650;AUTO;3.75;0;0;0
2651;AUTO;2;0;0;0
2652;AUTO;1.76;0;0;0
2653;AUTO;4.43;0;0;0
2654;AUTO;3.33;0;0;0
2655;AUTO;47.04;0;0;0
2656;AUTO;418.37;0;0;0
2657;AUTO;3.2;0;0;0
2658;AUTO;2.42;0;0;0
2659;AUTO;1.09;0;0;0
2660;AUTO;1.41;0;0;0
2661;AUTO;1;0;0;0
2662;AUTO;1;0;0;0
2663;AUTO;21.36;0;0;0
2664;AUTO;1;0;0;0
2665;AUTO;4.14;0;0;0
2666;AUTO;1.52;0;0;0
2667;AUTO;4.36;0;0;0
2668;AUTO;5.47;0;0;0
2669;AUTO;1.14;0;0;0
2670;AUTO;2.67;0;0;0
2671;AUTO;1;0;0;0
2672;AUTO;1.68;0;0;0
2673;AUTO;1.41;0;0;0
2674;AUTO;2.95;0;0;0
2675;AUTO;1.05;0;0;0
2676;AUTO;1.3;0;0;0
2677;AUTO;21.72;0;0;0
2678;AUTO;2.23;0;0;0
2679;AUTO;1.48;0;0;0
2680;AUTO;1.07;0;0;0
2681;AUTO;1.25;0;0;0
2682;AUTO;2.61;0;0;0
2683;AUTO;1.46;0;0;0
2684;AUTO;9.37;0;0;0
2685;AUTO;3.58;0;0;0
2686;AUTO;22.12;0;0;0
2687;AUTO;1.99;0;0;0
2688;AUTO;2.08;0;0;0
2689;AUTO;1.52;0;0;0
2690;AUTO;1.42;0;0;0
2691;AUTO;2.93;0;0;0
2692;AUTO;7.63;0;0;0
2693;AUTO;11.59;0;0;0
2694;AUTO;1.01;0;0;0
2695;AUTO;3.74;0;0;0
2696;AUTO;7.01;0;0;0
2697;AUTO;1.22;0;0;0
2698;AUTO;1.15;0;0;0
2699;AUTO;1;0;0;0
2700;AUTO;1.13;0;0;0
2701;AUTO;1.1;0;0;0
2702;AUTO;1.25;0;0;0
2703;AUTO;1.08;0;0;0
2704;AUTO;1.36;0;0;0
2705;AUTO;1;0;0;0
2706;AUTO;3.47;0;0;0
2707;AUTO;1.46;0;0;0
2708;AUTO;3.35;0;0;0
2709;AUTO;1.52;0;0;0
2710;AUTO;1.62;0;0;0
2711;AUTO;1.19;0;0;0
2712;AUTO;1.96;0;0;0
2713;AUTO;1.9;0;0;0
2714;AUTO;1;0;0;0
2715;AUTO;1.44;0;0;0
2716;AUTO;1.66;0;0;0
2717;AUTO;6.64;0;0;0
2718;AUTO;1.29;0;0;0
2719;AUTO;5.01;0;0;0
2720;AUTO;1;0;0;0
2721;AUTO;1.56;0;0;0
2722;AUTO;2.02;0;0;0
2723;AUTO;2.91;0;0;0
2724;AUTO;4.05;0;0;0
2725;AUTO;1.53;0;0;0
2726;AUTO;2.22;0;0;0
2727;AUTO;1.91;0;0;0
2728;AUTO;1.92;0;0;0
2729;AUTO;2.25;0;0;0
2730;AUTO;1.88;0;0;0
2731;AUTO;5.3;0;0;0
2732;AUTO;1;0;0;0
2733;AUTO;2.38;0;0;0
2734;AUTO;20.69;0;0;0
2735;AUTO;1.49;0;0;0
2736;AUTO;1;0;0;0
2737;AUTO;2.04;0;0;0
2738;AUTO;5.61;0;0;0
2739;AUTO;2.43;0;0;0
2740;AUTO;1.21;0;0;0
2741;AUTO;5.46;0;0;0
2742;AUTO;51.3;0;0;0
2743;AUTO;7.9;0;0;0
2744;AUTO;3.14;0;0;0
2745;AUTO;1.88;0;0;0
2746;AUTO;4.58;0;0;0
2747;AUTO;1.03;0;0;0
2748;AUTO;8.69;0;0;0
2749;AUTO;1;0;0;0
2750;AUTO;1.1;0;0;0
2751;AUTO;64.59;0;0;0
2752;AUTO;6.49;0;0;0
2753;AUTO;5.8;0;0;0
2754;AUTO;4.38;0;0;0
2755;AUTO;3.53;0;0;0
2756;AUTO;11.6;0;0;0
2757;AUTO;1.59;0;0;0
2758;AUTO;1.1;0;0;0
2759;AUTO;1.3;0;0;0
2760;AUTO;1.99;0;0;0
2761;AUTO;14.86;0;0;0
2762;AUTO;5.52;0;0;0
2763;AUTO;10.5;0;0;0
2764;AUTO;1.91;0;0;0
2765;AUTO;1.28;0;0;0
2766;AUTO;9.32;0;0;0
2767;AUTO;1.09;0;0;0
2768;AUTO;2.45;0;0;0
2769;AUTO;1.26;0;0;0
2770;AUTO;4.99;0;0;0
2771;AUTO;1.55;0;0;0
2772;AUTO;1.81;0;0;0
2773;AUTO;160.6;0;0;0
2774;AUTO;2.01;0;0;0
2775;AUTO;2.41;0;0;0
2776;AUTO;8.07;0;0;0
2777;AUTO;1.16;0;0;0
2778;AUTO;2.12;0;0;0
2779;AUTO;2.66;0;0;0
2780;AUTO;12.04;0;0;0
2781;AUTO;4.55;0;0;0
2782;AUTO;5.13;0;0;0
2783;AUTO;2.47;0;0;0
2784;AUTO;8.79;0;0;0
2785;AUTO;2.95;0;0;0
2786;AUTO;4.85;0;0;0
2787;AUTO;2.11;0;0;0
2788;AUTO;2.33;0;0;0
2789;AUTO;2.34;0;0;0
2790;AUTO;4.74;0;0;0
2791;AUTO;4.68;0;0;0
2792;AUTO;1.89;0;0;0
2793;AUTO;1.82;0;0;0
2794;AUTO;4.05;0;0;0
2795;AUTO;8.64;0;0;0
2796;AUTO;2.12;0;0;0
2797;AUTO;1.28;0;0;0
2798;AUTO;76.66;0;0;0
2799;AUTO;4.37;0;0;0
2800;AUTO;2.05;0;0;0
2801;AUTO;2.13;0;0;0
2802;AUTO;1.24;0;0;0
2803;AUTO;2.54;0;0;0
2804;AUTO;12.6;0;0;0
2805;AUTO;1;0;0;0
2806;AUTO;1.04;0;0;0
2807;AUTO;3.53;0;0;0
2808;AUTO;14.65;0;0;0
2809;AUTO;4.56;0;0;0
2810;AUTO;1.19;0;0;0
2811;AUTO;2.88;0;0;0
2812;AUTO;6.32;0;0;0
2813;AUTO;1.59;0;0;0
2814;AUTO;9.53;0;0;0
2815;AUTO;7.78;0;0;0
2816;AUTO;1.13;0;0;0
2817;AUTO;1;0;0;0
2818;AUTO;11.06;0;0;0
2819;AUTO;1.16;0;0;0
2820;AUTO;1.07;0;0;0
2821;AUTO;1.44;0;0;0
2822;AUTO;1.26;0;0;0
2823;AUTO;1;0;0;0
2824;AUTO;2.89;0;0;0
2825;AUTO;3.04;0;0;0
2826;AUTO;1.34;0;0;0
2827;AUTO;1.28;0;0;0
2828;AUTO;4.72;0;0;0
2829;AUTO;2.02;0;0;0
2830;AUTO;1.41;0;0;0
2831;AUTO;2.26;0;0;0
2832;AUTO;1.33;0;0;0
2833;AUTO;1.04;0;0;0
2834;AUTO;1.15;0;0;0
2835;AUTO;1;0;0;0
2836;AUTO;1.3;0;0;0
2837;AUTO;46.49;0;0;0
2838;AUTO;4.23;0;0;0
2839;AUTO;1.36;0;0;0
2840;AUTO;2.46;0;0;0
2841;AUTO;1;0;0;0
2842;AUTO;1.17;0;0;0
2843;AUTO;1.91;0;0;0
2844;AUTO;77.97;0;0;0
2845;AUTO;1.03;0;0;0
2846;AUTO;14.76;0;0;0
2847;AUTO;1;0;0;0
2848;AUTO;4.58;0;0;0
2849;AUTO;11.65;0;0;0
2850;AUTO;1.46;0;0;0
2851;AUTO;17.66;0;0;0
2852;AUTO;2.15;0;0;0
2853;AUTO;1.26;0;0;0
2854;AUTO;1.9;0;0;0
2855;AUTO;3.56;0;0;0
2856;AUTO;1.98;0;0;0
2857;AUTO;1.35;0;0;0
2858;AUTO;1.52;0;0;0
2859;AUTO;2.46;0;0;0
2860;AUTO;12.92;0;0;0
2861;AUTO;5.54;0;0;0
2862;AUTO;1.5;0;0;0
2863;AUTO;3.09;0;0;0
2864;AUTO;11.45;0;0;0
2865;AUTO;2.03;0;0;0
2866;AUTO;1.02;0;0;0
2867;AUTO;1.65;0;0;0
2868;AUTO;1.98;0;0;0
2869;AUTO;20.51;0;0;0
2870;AUTO;2;0;0;0
2871;AUTO;1;0;0;0
2872;AUTO;1.43;0;0;0
2873;AUTO;1.97;0;0;0
2874;AUTO;1.11;0;0;0
2875;AUTO;2.13;0;0;0
2876;AUTO;5.1;0;0;0
2877;AUTO;1;0;0;0
2878;AUTO;2.37;0;0;0
2879;AUTO;1.98;0;0;0
2880;AUTO;1;0;0;0
2881;AUTO;1;0;0;0
2882;AUTO;4.06;0;0;0
2883;AUTO;4.31;0;0;0
2884;AUTO;1.21;0;0;0
2885;AUTO;2.34;0;0;0
2886;AUTO;3.87;0;0;0
2887;AUTO;8.99;0;0;0
2888;AUTO;3.99;0;0;0
2889;AUTO;1.26;0;0;0
2890;AUTO;1.1;0;0;0
2891;AUTO;1.16;0;0;0
2892;AUTO;2.81;0;0;0
2893;AUTO;1.48;0;0;0
2894;AUTO;3.45;0;0;0
2895;AUTO;3.25;0;0;0
2896;AUTO;2.23;0;0;0
2897;AUTO;1.82;0;0;0
2898;AUTO;1.75;0;0;0
2899;AUTO;3.53;0;0;0
2900;AUTO;1.02;0;0;0
2901;AUTO;1.14;0;0;0
2902;AUTO;1.32;0;0;0
2903;AUTO;7.14;0;0;0
2904;AUTO;174.35;0;0;0
2905;AUTO;1;0;0;0
2906;AUTO;3.88;0;0;0
2907;AUTO;1.3;0;0;0
2908;AUTO;7.96;0;0;0
2909;AUTO;10.43;0;0;0
2910;AUTO;191.19;0;0;0
2911;AUTO;1.12;0;0;0
2912;AUTO;1.41;0;0;0
2913;AUTO;1.72;0;0;0
2914;AUTO;1.84;0;0;0
2915;AUTO;7.03;0;0;0
2916;AUTO;13.47;0;0;0
2917;AUTO;1.35;0;0;0
2918;AUTO;1.42;0;0;0
2919;AUTO;1;0;0;0
2920;AUTO;1.12;0;0;0
2921;AUTO;6.71;0;0;0
2922;AUTO;4.57;0;0;0
2923;AUTO;1.13;0;0;0
2924;AUTO;1.03;0;0;0
2925;AUTO;2.32;0;0;0
2926;AUTO;1.03;0;0;0
2927;AUTO;1.96;0;0;0
2928;AUTO;1.14;0;0;0
2929;AUTO;2.07;0;0;0
2930;AUTO;1.05;0;0;0
2931;AUTO;1.22;0;0;0
2932;AUTO;2.05;0;0;0
2933;AUTO;1.06;0;0;0
2934;AUTO;6.01;0;0;0
2935;AUTO;18.19;0;0;0
2936;AUTO;2.53;0;0;0
2937;AUTO;7.1;0;0;0
2938;AUTO;1.09;0;0;0
2939;AUTO;4.36;0;0;0
2940;AUTO;14.64;0;0;0
2941;AUTO;6.51;0;0;0
2942;AUTO;2.11;0;0;0
2943;AUTO;1.01;0;0;0
2944;AUTO;2.3;0;0;0
2945;AUTO;26.2;0;0;0
2946;AUTO;9.78;0;0;0
2947;AUTO;18.93;0;0;0
2948;AUTO;9.6;0;0;0
2949;AUTO;1;0;0;0
2950;AUTO;20.55;0;0;0
2951;AUTO;1.92;0;0;0
2952;AUTO;19.07;0;0;0
2953;AUTO;1.47;0;0;0
2954;AUTO;4.75;0;0;0
2955;AUTO;1.07;0;0;0
2956;AUTO;4.97;0;0;0
2957;AUTO;3.9;0;0;0
2958;AUTO;1.43;0;0;0
2959;AUTO;1.54;0;0;0
2960;AUTO;1.93;0;0;0
2961;AUTO;2.41;0;0;0
2962;AUTO;1.97;0;0;0
2963;AUTO;1.61;0;0;0
2964;AUTO;2.41;0;0;0
2965;AUTO;1.4;0;0;0
2966;AUTO;1.21;0;0;0
2967;AUTO;1.53;0;0;0
2968;AUTO;1;0;0;0
2969;AUTO;2.4;0;0;0
2970;AUTO;3.13;0;0;0
2971;AUTO;1.85;0;0;0
2972;AUTO;1.94;0;0;0
2973;AUTO;1.47;0;0;0
2974;AUTO;1.36;0;0;0
2975;AUTO;1.09;0;0;0
2976;AUTO;3.64;0;0;0
2977;AUTO;4.11;0;0;0
2978;AUTO;2.82;0;0;0
2979;AUTO;2.23;0;0;0
2980;AUTO;4.58;0;0;0
2981;AUTO;1.1;0;0;0
2982;AUTO;2;0;0;0
2983;AUTO;2.56;0;0;0
2984;AUTO;1.12;0;0;0
2985;AUTO;2.89;0;0;0
2986;AUTO;1.4;0;0;0
2987;AUTO;2.14;0;0;0
2988;AUTO;1.48;0;0;0
2989;AUTO;44.06;0;0;0
2990;AUTO;1.21;0;0;0
2991;AUTO;6.17;0;0;0
2992;AUTO;1.2;0;0;0
2993;AUTO;1.37;0;0;0
2994;AUTO;2.14;0;0;0
2995;AUTO;1.06;0;0;0
2996;AUTO;7.76;0;0;0
2997;AUTO;1.2;0;0;0
2998;AUTO;2.28;0;0;0
2999;AUTO;2.52;0;0;0
3000;AUTO;1.09;0;0;0
3001;AUTO;2.35;0;0;0
3002;AUTO;2.5;0;0;0
3003;AUTO;2.88;0;0;0
3004;AUTO;3.28;0;0;0
3005;AUTO;3.51;0;0;0
3006;AUTO;2.69;0;0;0
3007;AUTO;2.69;0;0;0
3008;AUTO;7.02;0;0;0
3009;AUTO;1.57;0;0;0
3010;AUTO;1.56;0;0;0
3011;AUTO;1.91;0;0;0
3012;AUTO;3.4;0;0;0
3013;AUTO;3.99;0;0;0
3014;AUTO;1.98;0;0;0
3015;AUTO;1.09;0;0;0
3016;AUTO;5.52;0;0;0
3017;AUTO;3.49;0;0;0
3018;AUTO;1;0;0;0
3019;AUTO;1.21;0;0;0
3020;AUTO;1.19;0;0;0
3021;AUTO;1.51;0;0;0
3022;AUTO;1.1;0;0;0
3023;AUTO;1.67;0;0;0
3024;AUTO;2.08;0;0;0
3025;AUTO;2.4;0;0;0
3026;AUTO;3.95;0;0;0
3027;AUTO;1.71;0;0;0
3028;AUTO;1.12;0;0;0
3029;AUTO;15.04;0;0;0
3030;AUTO;8.09;0;0;0
3031;AUTO;2.13;0;0;0
3032;AUTO;3.64;0;0;0
3033;AUTO;1.11;0;0;0
3034;AUTO;1.47;0;0;0
3035;AUTO;1.3;0;0;0
3036;AUTO;11.53;0;0;0
3037;AUTO;1.01;0;0;0
3038;AUTO;1.02;0;0;0
3039;AUTO;9.39;0;0;0
3040;AUTO;1.17;0;0;0
3041;AUTO;9.41;0;0;0
3042;AUTO;2.34;0;0;0
3043;AUTO;2.55;0;0;0
3044;AUTO;11.89;0;0;0
3045;AUTO;1.12;0;0;0
3046;AUTO;7.16;0;0;0
3047;AUTO;1.16;0;0;0
3048;AUTO;1.03;0;0;0
3049;AUTO;25.08;0;0;0
3050;AUTO;3.04;0;0;0
3051;AUTO;14.2;0;0;0
3052;AUTO;5.03;0;0;0
3053;AUTO;8.18;0;0;0
3054;AUTO;2.26;0;0;0
3055;AUTO;1.21;0;0;0
3056;AUTO;5.41;0;0;0
3057;AUTO;1.24;0;0;0
3058;AUTO;1.34;0;0;0
3059;AUTO;5.34;0;0;0
3060;AUTO;2.54;0;0;0
3061;AUTO;1.25;0;0;0
3062;AUTO;3.04;0;0;0
3063;AUTO;2.37;0;0;0
3064;AUTO;2.61;0;0;0
3065;AUTO;1.16;0;0;0
3066;AUTO;5;0;0;0
3067;AUTO;2.27;0;0;0
3068;AUTO;1.01;0;0;0
3069;AUTO;2.4;0;0;0
3070;AUTO;1.41;0;0;0
3071;AUTO;1.15;0;0;0
3072;AUTO;1.76;0;0;0
3073;AUTO;1.27;0;0;0
3074;AUTO;1.54;0;0;0
3075;AUTO;1.4;0;0;0
3076;AUTO;13.29;0;0;0
3077;AUTO;4.53;0;0;0
3078;AUTO;1.13;0;0;0
3079;AUTO;1.4;0;0;0
3080;AUTO;1.48;0;0;0
3081;AUTO;1.36;0;0;0
3082;AUTO;3.71;0;0;0
3083;AUTO;1.32;0;0;0
3084;AUTO;1;0;0;0
3085;AUTO;18.61;0;0;0
3086;AUTO;1.3;0;0;0
3087;AUTO;3.84;0;0;0
3088;AUTO;1.17;0;0;0
3089;AUTO;1.19;0;0;0
3090;AUTO;2.76;0;0;0
3091;AUTO;5.41;0;0;0
3092;AUTO;6.7;0;0;0
3093;AUTO;1.81;0;0;0
3094;AUTO;10.94;0;0;0
3095;AUTO;1.03;0;0;0
3096;AUTO;2;0;0;0
3097;AUTO;1.23;0;0;0
3098;AUTO;1.15;0;0;0
3099;AUTO;2.15;0;0;0
3100;AUTO;1.97;0;0;0
3101;AUTO;5.29;0;0;0
3102;AUTO;1.04;0;0;0
3103;AUTO;1.27;0;0;0
3104;AUTO;172.95;0;0;0
3105;AUTO;2.09;0;0;0
3106;AUTO;3.88;0;0;0
3107;AUTO;1.15;0;0;0
3108;AUTO;1.56;0;0;0
3109;AUTO;1.34;0;0;0
3110;AUTO;2.72;0;0;0
3111;AUTO;1.12;0;0;0
3112;AUTO;1.43;0;0;0
3113;AUTO;18.73;0;0;0
3114;AUTO;1.95;0;0;0
3115;AUTO;1.36;0;0;0
3116;AUTO;8.56;0;0;0
3117;AUTO;1.46;0;0;0
3118;AUTO;5.97;0;0;0
3119;AUTO;2.69;0;0;0
3120;AUTO;2.18;0;0;0
3121;AUTO;1.35;0;0;0
3122;AUTO;6.14;0;0;0
3123;AUTO;6.78;0;0;0
3124;AUTO;1.54;0;0;0
3125;AUTO;1.1;0;0;0
3126;AUTO;1.78;0;0;0
3127;AUTO;1.31;0;0;0
3128;AUTO;40.77;0;0;0
3129;AUTO;1;0;0;0
3130;AUTO;1.06;0;0;0
3131;AUTO;1.46;0;0;0
3132;AUTO;1.41;0;0;0
3133;AUTO;1.16;0;0;0
3134;AUTO;24.67;0;0;0
3135;AUTO;1.43;0;0;0
3136;AUTO;1.03;0;0;0
3137;AUTO;1.23;0;0;0
3138;AUTO;1.04;0;0;0
3139;AUTO;31.14;0;0;0
3140;AUTO;1.86;0;0;0
3141;AUTO;1.58;0;0;0
3142;AUTO;3.46;0;0;0
3143;AUTO;1.1;0;0;0
3144;AUTO;1.21;0;0;0
3145;AUTO;19.87;0;0;0
3146;AUTO;1.63;0;0;0
3147;AUTO;1.39;0;0;0
3148;AUTO;4.35;0;0;0
3149;AUTO;2.04;0;0;0
3150;AUTO;5.85;0;0;0
3151;AUTO;2.07;0;0;0
3152;AUTO;1.32;0;0;0
3153;AUTO;16.2;0;0;0
3154;AUTO;1.35;0;0;0
3155;AUTO;1.54;0;0;0
3156;AUTO;31;0;0;0
3157;AUTO;1.01;0;0;0
3158;AUTO;2.89;0;0;0
3159;AUTO;1.68;0;0;0
3160;AUTO;1.18;0;0;0
3161;AUTO;1.03;0;0;0
3162;AUTO;4.05;0;0;0
3163;AUTO;3.21;0;0;0
3164;AUTO;1.46;0;0;0
3165;AUTO;1.32;0;0;0
3166;AUTO;2.3;0;0;0
3167;AUTO;2.08;0;0;0
3168;AUTO;3.51;0;0;0
3169;AUTO;3.37;0;0;0
3170;AUTO;1.71;0;0;0
3171;AUTO;4.65;0;0;0
3172;AUTO;2.11;0;0;0
3173;AUTO;1.79;0;0;0
3174;AUTO;1.32;0;0;0
3175;AUTO;4.79;0;0;0
3176;AUTO;25.99;0;0;0
3177;AUTO;1.49;0;0;0
3178;AUTO;3.48;0;0;0
3179;AUTO;10.79;0;0;0
3180;AUTO;1;0;0;0
3181;AUTO;1.74;0;0;0
3182;AUTO;2.32;0;0;0
3183;AUTO;3.84;0;0;0
3184;AUTO;2.13;0;0;0
3185;AUTO;1.05;0;0;0
3186;AUTO;1.55;0;0;0
3187;AUTO;1.05;0;0;0
3188;AUTO;1.33;0;0;0
3189;AUTO;1.09;0;0;0
3190;AUTO;3.19;0;0;0
3191;AUTO;2.66;0;0;0
3192;AUTO;3.52;0;0;0
3193;AUTO;4.25;0;0;0
3194;AUTO;1.12;0;0;0
3195;AUTO;2.33;0;0;0
3196;AUTO;1.71;0;0;0
3197;AUTO;3.75;0;0;0
3198;AUTO;2.8;0;0;0
3199;AUTO;2.67;0;0;0
3200;AUTO;2.53;0;0;0
3201;AUTO;1.34;0;0;0
3202;AUTO;3.28;0;0;0
3203;AUTO;1.24;0;0;0
3204;AUTO;1.42;0;0;0
3205;AUTO;1.38;0;0;0
3206;AUTO;24.02;0;0;0
3207;AUTO;84.79;0;0;0
3208;AUTO;12.99;0;0;0
3209;AUTO;1.17;0;0;0
3210;AUTO;2.56;0;0;0
3211;AUTO;1;0;0;0
3212;AUTO;1.63;0;0;0
3213;AUTO;1.65;0;0;0
3214;AUTO;2.06;0;0;0
3215;AUTO;1.04;0;0;0
3216;AUTO;1.16;0;0;0
3217;AUTO;5.68;0;0;0
3218;AUTO;1.26;0;0;0
3219;AUTO;2.02;0;0;0
3220;AUTO;3.59;0;0;0
3221;AUTO;2.57;0;0;0
3222;AUTO;1.09;0;0;0
3223;AUTO;1.64;0;0;0
3224;AUTO;1.46;0;0;0
3225;AUTO;1.41;0;0;0
3226;AUTO;1.37;0;0;0
3227;AUTO;2.14;0;0;0
3228;AUTO;2.25;0;0;0
3229;AUTO;499.54;0;0;0
3230;AUTO;1.71;0;0;0
3231;AUTO;2.05;0;0;0
3232;AUTO;1.53;0;0;0
3233;AUTO;1.04;0;0;0
3234;AUTO;1.44;0;0;0
3235;AUTO;509.79;0;0;0
3236;AUTO;11.05;0;0;0
3237;AUTO;3.06;0;0;0
3238;AUTO;5.48;0;0;0
3239;AUTO;1.96;0;0;0
3240;AUTO;3.81;0;0;0
3241;AUTO;1.43;0;0;0
3242;AUTO;1.06;0;0;0
3243;AUTO;8.71;0;0;0
3244;AUTO;2.85;0;0;0
3245;AUTO;554.17;0;0;0
3246;AUTO;1;0;0;0
3247;AUTO;1.03;0;0;0
3248;AUTO;1.43;0;0;0
3249;AUTO;1.89;0;0;0
3250;AUTO;3.2;0;0;0
3251;AUTO;12.03;0;0;0
3252;AUTO;1;0;0;0
3253;AUTO;1.2;0;0;0
3254;AUTO;1.53;0;0;0
3255;AUTO;1.06;0;0;0
3256;AUTO;1.85;0;0;0
3257;AUTO;5.82;0;0;0
3258;AUTO;1;0;0;0
3259;AUTO;1.24;0;0;0
3260;AUTO;1.4;0;0;0
3261;AUTO;1.43;0;0;0
3262;AUTO;1;0;0;0
3263;AUTO;14.07;0;0;0
3264;AUTO;4.16;0;0;0
3265;AUTO;1.38;0;0;0
3266;AUTO;3.48;0;0;0
3267;AUTO;2.21;0;0;0
3268;AUTO;1.45;0;0;0
3269;AUTO;20.76;0;0;0
3270;AUTO;1.2;0;0;0
3271;AUTO;3.59;0;0;0
3272;AUTO;2.58;0;0;0
3273;AUTO;1.04;0;0;0
3274;AUTO;2.18;0;0;0
3275;AUTO;4.22;0;0;0
3276;AUTO;1.94;0;0;0
3277;AUTO;1.56;0;0;0
3278;AUTO;9.19;0;0;0
3279;AUTO;2.55;0;0;0
3280;AUTO;2.94;0;0;0
3281;AUTO;1;0;0;0
3282;AUTO;4.84;0;0;0
3283;AUTO;1;0;0;0
3284;AUTO;1.14;0;0;0
3285;AUTO;2.53;0;0;0
3286;AUTO;9.47;0;0;0
3287;AUTO;2.11;0;0;0
3288;AUTO;1;0;0;0
3289;AUTO;100.44;0;0;0
3290;AUTO;1.11;0;0;0
3291;AUTO;1.42;0;0;0
3292;AUTO;1.48;0;0;0
3293;AUTO;3.16;0;0;0
3294;AUTO;1.08;0;0;0
3295;AUTO;1.42;0;0;0
3296;AUTO;2.51;0;0;0
3297;AUTO;1.53;0;0;0
3298;AUTO;1;0;0;0
3299;AUTO;2.72;0;0;0
3300;AUTO;1.14;0;0;0
3301;AUTO;1.09;0;0;0
3302;AUTO;1.24;0;0;0
3303;AUTO;17.84;0;0;0
3304;AUTO;1.12;0;0;0
3305;AUTO;1.16;0;0;0
3306;AUTO;7.1;0;0;0
3307;AUTO;1.04;0;0;0
3308;AUTO;18.83;0;0;0
3309;AUTO;1.18;0;0;0
3310;AUTO;1.32;0;0;0
3311;AUTO;36.18;0;0;0
3312;AUTO;1.03;0;0;0
3313;AUTO;2.13;0;0;0
3314;AUTO;2.13;0;0;0
3315;AUTO;1;0;0;0
3316;AUTO;1.3;0;0;0
3317;AUTO;1.38;0;0;0
3318;AUTO;1.16;0;0;0
3319;AUTO;1.3;0;0;0
3320;AUTO;4.67;0;0;0
3321;AUTO;1;0;0;0
3322;AUTO;4.54;0;0;0
3323;AUTO;4.3;0;0;0
3324;AUTO;1.47;0;0;0
3325;AUTO;1.09;0;0;0
3326;AUTO;4.57;0;0;0
3327;AUTO;4.03;0;0;0
3328;AUTO;8.13;0;0;0
3329;AUTO;1.61;0;0;0
3330;AUTO;1.47;0;0;0
3331;AUTO;2.15;0;0;0
3332;AUTO;2.14;0;0;0
3333;AUTO;6.4;0;0;0
3334;AUTO;1.51;0;0;0
3335;AUTO;3.23;0;0;0
3336;AUTO;1.03;0;0;0
3337;AUTO;1.5;0;0;0
3338;AUTO;1.91;0;0;0
3339;AUTO;7.94;0;0;0
3340;AUTO;1.19;0;0;0
3341;AUTO;2.4;0;0;0
3342;AUTO;1.91;0;0;0
3343;AUTO;36.46;0;0;0
3344;AUTO;1.13;0;0;0
3345;AUTO;44.07;0;0;0
3346;AUTO;1.06;0;0;0
3347;AUTO;1.67;0;0;0
3348;AUTO;1.45;0;0;0
3349;AUTO;2.25;0;0;0
3350;AUTO;9.23;0;0;0
3351;AUTO;1.58;0;0;0
3352;AUTO;1.24;0;0;0
3353;AUTO;1.46;0;0;0
3354;AUTO;3.99;0;0;0
3355;AUTO;10.09;0;0;0
3356;AUTO;1.22;0;0;0
3357;AUTO;1.25;0;0;0
3358;AUTO;1.84;0;0;0
3359;AUTO;3;0;0;0
3360;AUTO;6.31;0;0;0
3361;AUTO;1.3;0;0;0
3362;AUTO;2.9;0;0;0
3363;AUTO;1.73;0;0;0
3364;AUTO;54.4;0;0;0
3365;AUTO;2.49;0;0;0
3366;AUTO;3.6;0;0;0
3367;AUTO;2.67;0;0;0
3368;AUTO;16.61;0;0;0
3369;AUTO;1.7;0;0;0
3370;AUTO;4.57;0;0;0
3371;AUTO;2.9;0;0;0
3372;AUTO;2.42;0;0;0
3373;AUTO;12.87;0;0;0
3374;AUTO;1.46;0;0;0
3375;AUTO;3.47;0;0;0
3376;AUTO;1.33;0;0;0
3377;AUTO;3.61;0;0;0
3378;AUTO;1;0;0;0
3379;AUTO;1;0;0;0
3380;AUTO;1.81;0;0;0
3381;AUTO;1.86;0;0;0
3382;AUTO;1.54;0;0;0
3383;AUTO;2.44;0;0;0
3384;AUTO;1;0;0;0
3385;AUTO;1.35;0;0;0
3386;AUTO;6.03;0;0;0
3387;AUTO;9.17;0;0;0
3388;AUTO;1.25;0;0;0
3389;AUTO;1.26;0;0;0
3390;AUTO;1.04;0;0;0
3391;AUTO;3.95;0;0;0
3392;AUTO;2.27;0;0;0
3393;AUTO;3.76;0;0;0
3394;AUTO;1.51;0;0;0
3395;AUTO;8.85;0;0;0
3396;AUTO;1.17;0;0;0
3397;AUTO;1.32;0;0;0
3398;AUTO;1.79;0;0;0
3399;AUTO;8.62;0;0;0
3400;AUTO;1.45;0;0;0
3401;AUTO;31.65;0;0;0
3402;AUTO;1.36;0;0;0
3403;AUTO;18.34;0;0;0
3404;AUTO;1.27;0;0;0
3405;AUTO;1.27;0;0;0
3406;AUTO;9.02;0;0;0
3407;AUTO;1.5;0;0;0
3408;AUTO;3.24;0;0;0
3409;AUTO;1.07;0;0;0
3410;AUTO;1.06;0;0;0
3411;AUTO;1;0;0;0
3412;AUTO;5.55;0;0;0
3413;AUTO;3.32;0;0;0
3414;AUTO;1.15;0;0;0
3415;AUTO;1.49;0;0;0
3416;AUTO;15.48;0;0;0
3417;AUTO;1.55;0;0;0
3418;AUTO;1.76;0;0;0
3419;AUTO;1.52;0;0;0
3420;AUTO;3.43;0;0;0
3421;AUTO;1.01;0;0;0
3422;AUTO;2.2;0;0;0
3423;AUTO;1.55;0;0;0
3424;AUTO;5.06;0;0;0
3425;AUTO;4.43;0;0;0
3426;AUTO;1.02;0;0;0
3427;AUTO;1.21;0;0;0
3428;AUTO;1.22;0;0;0
3429;AUTO;90.58;0;0;0
3430;AUTO;1.97;0;0;0
3431;AUTO;2.87;0;0;0
3432;AUTO;1.61;0;0;0
3433;AUTO;2.76;0;0;0
3434;AUTO;1.74;0;0;0
3435;AUTO;1.05;0;0;0
3436;AUTO;52.22;0;0;0
3437;AUTO;1.83;0;0;0
3438;AUTO;1.05;0;0;0
3439;AUTO;1.43;0;0;0
3440;AUTO;2.12;0;0;0
3441;AUTO;3.18;0;0;0
3442;AUTO;6.46;0;0;0
3443;AUTO;1.43;0;0;0
3444;AUTO;3.91;0;0;0
3445;AUTO;12.27;0;0;0
3446;AUTO;1.32;0;0;0
3447;AUTO;1.43;0;0;0
3448;AUTO;3.61;0;0;0
3449;AUTO;12.27;0;0;0
3450;AUTO;1.32;0;0;0
3451;AUTO;1.05;0;0;0
3452;AUTO;1.06;0;0;0
3453;AUTO;1.6;0;0;0
3454;AUTO;1.83;0;0;0
3455;AUTO;1.55;0;0;0
3456;AUTO;4.36;0;0;0
3457;AUTO;3.42;0;0;0
3458;AUTO;1.57;0;0;0
3459;AUTO;2.13;0;0;0
3460;AUTO;2.16;0;0;0
3461;AUTO;1.07;0;0;0
3462;AUTO;6.44;0;0;0
3463;AUTO;1.07;0;0;0
3464;AUTO;1.1;0;0;0
3465;AUTO;1.2;0;0;0
3466;AUTO;2.95;0;0;0
3467;AUTO;2.2;0;0;0
3468;AUTO;2.51;0;0;0
3469;AUTO;2.23;0;0;0
3470;AUTO;1.22;0;0;0
3471;AUTO;3.02;0;0;0
3472;AUTO;2.34;0;0;0
3473;AUTO;1.82;0;0;0
3474;AUTO;1.94;0;0;0
3475;AUTO;6;0;0;0
3476;AUTO;1.08;0;0;0
3477;AUTO;2.5;0;0;0
3478;AUTO;3.54;0;0;0
3479;AUTO;1.2;0;0;0
3480;AUTO;2.32;0;0;0
3481;AUTO;18.51;0;0;0
3482;AUTO;7.32;0;0;0
3483;AUTO;3.09;0;0;0
3484;AUTO;1.08;0;0;0
3485;AUTO;1.72;0;0;0
3486;AUTO;2.07;0;0;0
3487;AUTO;4.74;0;0;0
3488;AUTO;1.25;0;0;0
3489;AUTO;3.86;0;0;0
3490;AUTO;1.22;0;0;0
3491;AUTO;1.08;0;0;0
3492;AUTO;1.22;0;0;0
3493;AUTO;1.82;0;0;0
3494;AUTO;1.74;0;0;0
3495;AUTO;1.21;0;0;0
3496;AUTO;2.52;0;0;0
3497;AUTO;1;0;0;0
3498;AUTO;1.16;0;0;0
3499;AUTO;3.2;0;0;0
3500;AUTO;2.6;0;0;0
3501;AUTO;1.28;0;0;0
3502;AUTO;1.14;0;0;0
3503;AUTO;1.96;0;0;0
3504;AUTO;1.03;0;0;0
3505;AUTO;23.34;0;0;0
3506;AUTO;10.93;0;0;0
3507;AUTO;1.64;0;0;0
3508;AUTO;1.13;0;0;0
3509;AUTO;1.31;0;0;0
3510;AUTO;1.1;0;0;0
3511;AUTO;1.12;0;0;0
3512;AUTO;1.66;0;0;0
3513;AUTO;1.24;0;0;0
3514;AUTO;1.72;0;0;0
3515;AUTO;2.05;0;0;0
3516;AUTO;9.66;0;0;0
3517;AUTO;4.18;0;0;0
3518;AUTO;1.25;0;0;0
3519;AUTO;1.56;0;0;0
3520;AUTO;13.55;0;0;0
3521;AUTO;5.19;0;0;0
3522;AUTO;5.81;0;0;0
3523;AUTO;1.88;0;0;0
3524;AUTO;3.75;0;0;0
3525;AUTO;8.82;0;0;0
3526;AUTO;1;0;0;0
3527;AUTO;6.42;0;0;0
3528;AUTO;1.45;0;0;0
3529;AUTO;1.56;0;0;0
3530;AUTO;5.33;0;0;0
3531;AUTO;3.86;0;0;0
3532;AUTO;11.4;0;0;0
3533;AUTO;1.05;0;0;0
3534;AUTO;17.52;0;0;0
3535;AUTO;1.59;0;0;0
3536;AUTO;4.84;0;0;0
3537;AUTO;9.29;0;0;0
3538;AUTO;4.82;0;0;0
3539;AUTO;1.43;0;0;0
3540;AUTO;1.37;0;0;0
3541;AUTO;1.99;0;0;0
3542;AUTO;3.37;0;0;0
3543;AUTO;4.09;0;0;0
3544;AUTO;1.03;0;0;0
3545;AUTO;2.95;0;0;0
3546;AUTO;2.71;0;0;0
3547;AUTO;1.1;0;0;0
3548;AUTO;41.4;0;0;0
3549;AUTO;5.13;0;0;0
3550;AUTO;1.51;0;0;0
3551;AUTO;1.17;0;0;0
3552;AUTO;1.65;0;0;0
3553;AUTO;27.59;0;0;0
3554;AUTO;1.96;0;0;0
3555;AUTO;1.24;0;0;0
3556;AUTO;1.35;0;0;0
3557;AUTO;3.1;0;0;0
3558;AUTO;1.41;0;0;0
3559;AUTO;29.77;0;0;0
3560;AUTO;5.91;0;0;0
3561;AUTO;1.5;0;0;0
3562;AUTO;1.49;0;0;0
3563;AUTO;2.44;0;0;0
3564;AUTO;1.12;0;0;0
3565;AUTO;11.9;0;0;0
3566;AUTO;3.66;0;0;0
3567;AUTO;1.19;0;0;0
3568;AUTO;2.37;0;0;0
3569;AUTO;1.12;0;0;0
3570;AUTO;1.04;0;0;0
3571;AUTO;5.25;0;0;0
3572;AUTO;1.54;0;0;0
3573;AUTO;1.09;0;0;0
3574;AUTO;5.04;0;0;0
3575;AUTO;1.23;0;0;0
3576;AUTO;2.45;0;0;0
3577;AUTO;3.46;0;0;0
3578;AUTO;7.39;0;0;0
3579;AUTO;2.72;0;0;0
3580;AUTO;3.2;0;0;0
3581;AUTO;1.06;0;0;0
3582;AUTO;1.44;0;0;0
3583;AUTO;6.61;0;0;0
3584;AUTO;3.54;0;0;0
3585;AUTO;10.34;0;0;0
3586;AUTO;3.47;0;0;0
3587;AUTO;2.85;0;0;0
3588;AUTO;51.14;0;0;0
3589;AUTO;1.42;0;0;0
3590;AUTO;1;0;0;0
3591;AUTO;3.42;0;0;0
3592;AUTO;2.96;0;0;0
3593;AUTO;1.2;0;0;0
3594;AUTO;2.34;0;0;0
3595;AUTO;1.06;0;0;0
3596;AUTO;1.69;0;0;0
3597;AUTO;21.07;0;0;0
3598;AUTO;4.7;0;0;0
3599;AUTO;4.4;0;0;0
3600;AUTO;3.82;0;0;0
3601;AUTO;2.35;0;0;0
3602;AUTO;4.12;0;0;0
3603;AUTO;4.19;0;0;0
3604;AUTO;123.09;0;0;0
3605;AUTO;3.8;0;0;0
3606;AUTO;1.66;0;0;0
3607;AUTO;4.44;0;0;0
3608;AUTO;3.21;0;0;0
3609;AUTO;3.21;0;0;0
3610;AUTO;2.15;0;0;0
3611;AUTO;4.37;0;0;0
3612;AUTO;1.18;0;0;0
3613;AUTO;3.31;0;0;0
3614;AUTO;1.21;0;0;0
3615;AUTO;1.31;0;0;0
3616;AUTO;1.82;0;0;0
3617;AUTO;8.34;0;0;0
3618;AUTO;1.63;0;0;0
3619;AUTO;1.45;0;0;0
3620;AUTO;1.36;0;0;0
3621;AUTO;2.14;0;0;0
3622;AUTO;1.03;0;0;0
3623;AUTO;2.03;0;0;0
3624;AUTO;2.39;0;0;0
3625;AUTO;1.23;0;0;0
3626;AUTO;3.84;0;0;0
3627;AUTO;120.67;0;0;0
3628;AUTO;1.06;0;0;0
3629;AUTO;4.49;0;0;0
3630;AUTO;5.9;0;0;0
3631;AUTO;3.99;0;0;0
3632;AUTO;1.52;0;0;0
3633;AUTO;1;0;0;0
3634;AUTO;1.6;0;0;0
3635;AUTO;1.03;0;0;0
3636;AUTO;1.26;0;0;0
3637;AUTO;1;0;0;0
3638;AUTO;1.58;0;0;0
3639;AUTO;1.05;0;0;0
3640;AUTO;1.33;0;0;0
3641;AUTO;4.1;0;0;0
3642;AUTO;19.4;0;0;0
3643;AUTO;1.85;0;0;0
3644;AUTO;2.56;0;0;0
3645;AUTO;1.2;0;0;0
3646;AUTO;1.73;0;0;0
3647;AUTO;1.21;0;0;0
3648;AUTO;1.18;0;0;0
3649;AUTO;1.44;0;0;0
3650;AUTO;2.54;0;0;0
3651;AUTO;1;0;0;0
3652;AUTO;1.01;0;0;0
3653;AUTO;2.81;0;0;0
3654;AUTO;12.49;0;0;0
3655;AUTO;3.23;0;0;0
3656;AUTO;23.95;0;0;0
3657;AUTO;1.95;0;0;0
3658;AUTO;1.1;0;0;0
3659;AUTO;2.39;0;0;0
3660;AUTO;2.18;0;0;0
3661;AUTO;1.3;0;0;0
3662;AUTO;1.27;0;0;0
3663;AUTO;1;0;0;0
3664;AUTO;56.1;0;0;0
3665;AUTO;1.96;0;0;0
3666;AUTO;1.16;0;0;0
3667;AUTO;4.92;0;0;0
3668;AUTO;1.4;0;0;0
3669;AUTO;80.28;0;0;0
3670;AUTO;5.26;0;0;0
3671;AUTO;1.03;0;0;0
3672;AUTO;2.05;0;0;0
3673;AUTO;1.18;0;0;0
3674;AUTO;2.15;0;0;0
3675;AUTO;3.09;0;0;0
3676;AUTO;1.17;0;0;0
3677;AUTO;1.87;0;0;0
3678;AUTO;1;0;0;0
3679;AUTO;1.28;0;0;0
3680;AUTO;1.35;0;0;0
3681;AUTO;1.54;0;0;0
3682;AUTO;2.16;0;0;0
3683;AUTO;11.99;0;0;0
3684;AUTO;17.82;0;0;0
3685;AUTO;79.1;0;0;0
3686;AUTO;1;0;0;0
3687;AUTO;3.9;0;0;0
3688;AUTO;14.54;0;0;0
3689;AUTO;4.14;0;0;0
3690;AUTO;1.08;0;0;0
3691;AUTO;1.96;0;0;0
3692;AUTO;3.12;0;0;0
3693;AUTO;2.01;0;0;0
3694;AUTO;2.82;0;0;0
3695;AUTO;1.48;0;0;0
3696;AUTO;2.99;0;0;0
3697;AUTO;2.06;0;0;0
3698;AUTO;2.74;0;0;0
3699;AUTO;1.03;0;0;0
3700;AUTO;1.42;0;0;0
3701;AUTO;1.32;0;0;0
3702;AUTO;6.63;0;0;0
3703;AUTO;2.11;0;0;0
3704;AUTO;1.85;0;0;0
3705;AUTO;20.85;0;0;0
3706;AUTO;2.28;0;0;0
3707;AUTO;1.29;0;0;0
3708;AUTO;3.08;0;0;0
3709;AUTO;1.31;0;0;0
3710;AUTO;4;0;0;0
3711;AUTO;2.83;0;0;0
3712;AUTO;1.69;0;0;0
3713;AUTO;2.8;0;0;0
3714;AUTO;4.5;0;0;0
3715;AUTO;1.29;0;0;0
3716;AUTO;1.05;0;0;0
3717;AUTO;1.72;0;0;0
3718;AUTO;3.12;0;0;0
3719;AUTO;3.62;0;0;0
3720;AUTO;1.02;0;0;0
3721;AUTO;2.21;0;0;0
3722;AUTO;1.04;0;0;0
3723;AUTO;1.34;0;0;0
3724;AUTO;1.87;0;0;0
3725;AUTO;7.73;0;0;0
3726;AUTO;1.08;0;0;0
3727;AUTO;1;0;0;0
3728;AUTO;1.12;0;0;0
3729;AUTO;3.09;0;0;0
3730;AUTO;1.47;0;0;0
3731;AUTO;2.4;0;0;0
3732;AUTO;1.04;0;0;0
3733;AUTO;6.93;0;0;0
3734;AUTO;1.55;0;0;0
3735;AUTO;2.32;0;0;0
3736;AUTO;1;0;0;0
3737;AUTO;1.33;0;0;0
3738;AUTO;1.34;0;0;0
3739;AUTO;1.89;0;0;0
3740;AUTO;2.05;0;0;0
3741;AUTO;1;0;0;0
3742;AUTO;16.77;0;0;0
3743;AUTO;1.5;0;0;0
3744;AUTO;8.01;0;0;0
3745;AUTO;3.3;0;0;0
3746;AUTO;1.3;0;0;0
3747;AUTO;1.11;0;0;0
3748;AUTO;1.2;0;0;0
3749;AUTO;9.46;0;0;0
3750;AUTO;1.39;0;0;0
3751;AUTO;1.16;0;0;0
3752;AUTO;1.88;0;0;0
3753;AUTO;2.74;0;0;0
3754;AUTO;1.04;0;0;0
3755;AUTO;1.19;0;0;0
3756;AUTO;1.06;0;0;0
3757;AUTO;2.35;0;0;0
3758;AUTO;1.88;0;0;0
3759;AUTO;1.1;0;0;0
3760;AUTO;3.78;0;0;0
3761;AUTO;1.68;0;0;0
3762;AUTO;2.17;0;0;0
3763;AUTO;3.02;0;0;0
3764;AUTO;1.11;0;0;0
3765;AUTO;7.93;0;0;0
3766;AUTO;1.24;0;0;0
3767;AUTO;6.8;0;0;0
3768;AUTO;2.45;0;0;0
3769;AUTO;5.01;0;0;0
3770;AUTO;1;0;0;0
3771;AUTO;2.3;0;0;0
3772;AUTO;1.05;0;0;0
3773;AUTO;3.15;0;0;0
3774;AUTO;1.27;0;0;0
3775;AUTO;1.29;0;0;0
3776;AUTO;2.53;0;0;0
3777;AUTO;8.33;0;0;0
3778;AUTO;1.03;0;0;0
3779;AUTO;1.5;0;0;0
3780;AUTO;2.05;0;0;0
3781;AUTO;4.41;0;0;0
3782;AUTO;1.57;0;0;0
3783;AUTO;2.35;0;0;0
3784;AUTO;2.75;0;0;0
3785;AUTO;1.8;0;0;0
3786;AUTO;18.11;0;0;0
3787;AUTO;19.85;0;0;0
3788;AUTO;24.07;0;0;0
3789;AUTO;1.22;0;0;0
3790;AUTO;2.22;0;0;0
3791;AUTO;1.24;0;0;0
3792;AUTO;1.39;0;0;0
3793;AUTO;1;0;0;0
3794;AUTO;3.21;0;0;0
3795;AUTO;1.23;0;0;0
3796;AUTO;3.18;0;0;0
3797;AUTO;3.79;0;0;0
3798;AUTO;3.33;0;0;0
3799;AUTO;2.18;0;0;0
3800;AUTO;7.02;0;0;0
3801;AUTO;1.91;0;0;0
3802;AUTO;8.78;0;0;0
3803;AUTO;5.25;0;0;0
3804;AUTO;3.02;0;0;0
3805;AUTO;2.93;0;0;0
3806;AUTO;1.07;0;0;0
3807;AUTO;1.01;0;0;0
3808;AUTO;1.86;0;0;0
3809;AUTO;1.05;0;0;0
3810;AUTO;1.86;0;0;0
3811;AUTO;5.47;0;0;0
3812;AUTO;1.13;0;0;0
3813;AUTO;3.17;0;0;0
3814;AUTO;1.05;0;0;0
3815;AUTO;1.2;0;0;0
3816;AUTO;1.27;0;0;0
3817;AUTO;2.75;0;0;0
3818;AUTO;4.4;0;0;0
3819;AUTO;4.17;0;0;0
3820;AUTO;5.15;0;0;0
3821;AUTO;1.03;0;0;0
3822;AUTO;1.62;0;0;0
3823;AUTO;1;0;0;0
3824;AUTO;1.33;0;0;0
3825;AUTO;4.05;0;0;0
3826;AUTO;1.14;0;0;0
3827;AUTO;4.59;0;0;0
3828;AUTO;1.13;0;0;0
3829;AUTO;12.37;0;0;0
3830;AUTO;2.81;0;0;0
3831;AUTO;1.96;0;0;0
3832;AUTO;1.5;0;0;0
3833;AUTO;1.05;0;0;0
3834;AUTO;6.14;0;0;0
3835;AUTO;2.99;0;0;0
3836;AUTO;1;0;0;0
3837;AUTO;3.45;0;0;0
3838;AUTO;1.04;0;0;0
3839;AUTO;1;0;0;0
3840;AUTO;1.8;0;0;0
3841;AUTO;2.61;0;0;0
3842;AUTO;2.64;0;0;0
3843;AUTO;1.09;0;0;0
3844;AUTO;6.45;0;0;0
3845;AUTO;1.58;0;0;0
3846;AUTO;1.48;0;0;0
3847;AUTO;1.4;0;0;0
3848;AUTO;1.46;0;0;0
3849;AUTO;1.04;0;0;0
3850;AUTO;2.18;0;0;0
3851;AUTO;4;0;0;0
3852;AUTO;1.59;0;0;0
3853;AUTO;4.41;0;0;0
3854;AUTO;2.43;0;0;0
3855;AUTO;74.2;0;0;0
3856;AUTO;1;0;0;0
3857;AUTO;1.09;0;0;0
3858;AUTO;19.31;0;0;0
3859;AUTO;2.28;0;0;0
3860;AUTO;1.33;0;0;0
3861;AUTO;1.25;0;0;0
3862;AUTO;9.64;0;0;0
3863;AUTO;2.71;0;0;0
3864;AUTO;1.09;0;0;0
3865;AUTO;1.96;0;0;0
3866;AUTO;2.99;0;0;0
3867;AUTO;2.08;0;0;0
3868;AUTO;4.53;0;0;0
3869;AUTO;21.8;0;0;0
3870;AUTO;2.79;0;0;0
3871;AUTO;4.56;0;0;0
3872;AUTO;1.51;0;0;0
3873;AUTO;3.98;0;0;0
3874;AUTO;1.03;0;0;0
3875;AUTO;2.74;0;0;0
3876;AUTO;1.84;0;0;0
3877;AUTO;1;0;0;0
3878;AUTO;1.33;0;0;0
3879;AUTO;8.09;0;0;0
3880;AUTO;3.93;0;0;0
3881;AUTO;2;0;0;0
3882;AUTO;1;0;0;0
3883;AUTO;1.33;0;0;0
3884;AUTO;2.13;0;0;0
3885;AUTO;1.36;0;0;0
3886;AUTO;1;0;0;0
3887;AUTO;5.98;0;0;0
3888;AUTO;1.32;0;0;0
3889;AUTO;2.25;0;0;0
3890;AUTO;1.15;0;0;0
3891;AUTO;2.6;0;0;0
3892;AUTO;3.22;0;0;0
3893;AUTO;1.09;0;0;0
3894;AUTO;2.24;0;0;0
3895;AUTO;1.37;0;0;0
3896;AUTO;376.87;0;0;0
3897;AUTO;1;0;0;0
3898;AUTO;1;0;0;0
3899;AUTO;3.2;0;0;0
3900;AUTO;2.14;0;0;0
3901;AUTO;1.4;0;0;0
3902;AUTO;1.04;0;0;0
3903;AUTO;2.18;0;0;0
3904;AUTO;1.56;0;0;0
3905;AUTO;1.84;0;0;0
3906;AUTO;1.02;0;0;0
3907;AUTO;3.95;0;0;0
3908;AUTO;2.68;0;0;0
3909;AUTO;1.33;0;0;0
3910;AUTO;1.87;0;0;0
3911;AUTO;1.56;0;0;0
3912;AUTO;2.31;0;0;0
3913;AUTO;46.49;0;0;0
3914;AUTO;1.75;0;0;0
3915;AUTO;5.21;0;0;0
3916;AUTO;1.49;0;0;0
3917;AUTO;1.06;0;0;0
3918;AUTO;1.11;0;0;0
3919;AUTO;1.4;0;0;0
3920;AUTO;2.7;0;0;0
3921;AUTO;2.1;0;0;0
3922;AUTO;10.27;0;0;0
3923;AUTO;1.19;0;0;0
3924;AUTO;1.07;0;0;0
3925;AUTO;2.76;0;0;0
3926;AUTO;195;0;0;0
3927;AUTO;1.48;0;0;0
3928;AUTO;3.91;0;0;0
3929;AUTO;2.53;0;0;0
3930;AUTO;1.14;0;0;0
3931;AUTO;1.79;0;0;0
3932;AUTO;1;0;0;0
3933;AUTO;1.18;0;0;0
3934;AUTO;1.7;0;0;0
3935;AUTO;1.9;0;0;0
3936;AUTO;1.95;0;0;0
3937;AUTO;1;0;0;0
3938;AUTO;1.45;0;0;0
3939;AUTO;1.45;0;0;0
3940;AUTO;4.53;0;0;0
3941;AUTO;1.78;0;0;0
3942;AUTO;3.12;0;0;0
3943;AUTO;12.84;0;0;0
3944;AUTO;1.17;0;0;0
3945;AUTO;2.19;0;0;0
3946;AUTO;3.95;0;0;0
3947;AUTO;4.69;0;0;0
3948;AUTO;4.98;0;0;0
3949;AUTO;4.09;0;0;0
3950;AUTO;23.07;0;0;0
3951;AUTO;1.04;0;0;0
3952;AUTO;6.54;0;0;0
3953;AUTO;6.15;0;0;0
3954;AUTO;5.22;0;0;0
3955;AUTO;2.13;0;0;0
3956;AUTO;1;0;0;0
3957;AUTO;1.96;0;0;0
3958;AUTO;1.31;0;0;0
3959;AUTO;2.36;0;0;0
3960;AUTO;2.01;0;0;0
3961;AUTO;1;0;0;0
3962;AUTO;4.15;0;0;0
3963;AUTO;1.22;0;0;0
3964;AUTO;4.17;0;0;0
3965;AUTO;9.26;0;0;0
3966;AUTO;1.59;0;0;0
3967;AUTO;7.32;0;0;0
3968;AUTO;1.04;0;0;0
3969;AUTO;2.1;0;0;0
3970;AUTO;1.79;0;0;0
3971;AUTO;1.96;0;0;0
3972;AUTO;1.36;0;0;0
3973;AUTO;1.31;0;0;0
3974;AUTO;1.88;0;0;0
3975;AUTO;11.23;0;0;0
3976;AUTO;1.92;0;0;0
3977;AUTO;82.44;0;0;0
3978;AUTO;1.82;0;0;0
3979;AUTO;5.08;0;0;0
3980;AUTO;1.08;0;0;0
3981;AUTO;2.1;0;0;0
3982;AUTO;1.1;0;0;0
3983;AUTO;1.32;0;0;0
3984;AUTO;1.5;0;0;0
3985;AUTO;3.77;0;0;0
3986;AUTO;3.31;0;0;0
3987;AUTO;5.25;0;0;0
3988;AUTO;1.06;0;0;0
3989;AUTO;1.1;0;0;0
3990;AUTO;1.18;0;0;0
3991;AUTO;1.65;0;0;0
3992;AUTO;57.59;0;0;0
3993;AUTO;1.92;0;0;0
3994;AUTO;44.77;0;0;0
3995;AUTO;1.04;0;0;0
3996;AUTO;1.03;0;0;0
3997;AUTO;2.73;0;0;0
3998;AUTO;1.64;0;0;0
3999;AUTO;5.45;0;0;0
4000;AUTO;1.57;0;0;0
4001;AUTO;2.14;0;0;0
4002;AUTO;1.08;0;0;0
4003;AUTO;1.06;0;0;0
4004;AUTO;1.59;0;0;0
4005;AUTO;1.52;0;0;0
4006;AUTO;1.12;0;0;0
4007;AUTO;3.59;0;0;0
4008;AUTO;1.02;0;0;0
4009;AUTO;1.08;0;0;0
4010;AUTO;1.93;0;0;0
4011;AUTO;1.17;0;0;0
4012;AUTO;2.26;0;0;0
4013;AUTO;1.09;0;0;0
4014;AUTO;4.58;0;0;0
4015;AUTO;1.23;0;0;0
4016;AUTO;1.06;0;0;0
4017;AUTO;1.26;0;0;0
4018;AUTO;2.31;0;0;0
4019;AUTO;3.43;0;0;0
4020;AUTO;2.46;0;0;0
4021;AUTO;1;0;0;0
4022;AUTO;2.88;0;0;0
4023;AUTO;1.15;0;0;0
4024;AUTO;145.74;0;0;0
4025;AUTO;1.33;0;0;0
4026;AUTO;1.42;0;0;0
4027;AUTO;1.83;0;0;0
4028;AUTO;1.91;0;0;0
4029;AUTO;1;0;0;0
4030;AUTO;1.69;0;0;0
4031;AUTO;2.55;0;0;0
4032;AUTO;1.82;0;0;0
4033;AUTO;1.2;0;0;0
4034;AUTO;1.28;0;0;0
4035;AUTO;4.09;0;0;0
4036;AUTO;2.04;0;0;0
4037;AUTO;1.92;0;0;0
4038;AUTO;2.4;0;0;0
4039;AUTO;2.07;0;0;0
4040;AUTO;1.6;0;0;0
4041;AUTO;1.02;0;0;0
4042;AUTO;1.82;0;0;0
4043;AUTO;23.43;0;0;0
4044;AUTO;2.16;0;0;0
4045;AUTO;1.1;0;0;0
4046;AUTO;29.6;0;0;0
4047;AUTO;1.31;0;0;0
4048;AUTO;6.57;0;0;0
4049;AUTO;9.2;0;0;0
4050;AUTO;1.12;0;0;0
4051;AUTO;1.08;0;0;0
4052;AUTO;1.03;0;0;0
4053;AUTO;1.6;0;0;0
4054;AUTO;1.06;0;0;0
4055;AUTO;1.18;0;0;0
4056;AUTO;1.65;0;0;0
4057;AUTO;1.7;0;0;0
4058;AUTO;1.23;0;0;0
4059;AUTO;2.55;0;0;0
4060;AUTO;5.79;0;0;0
4061;AUTO;6.77;0;0;0
4062;AUTO;9.87;0;0;0
4063;AUTO;2.21;0;0;0
4064;AUTO;26.38;0;0;0
4065;AUTO;1.78;0;0;0
4066;AUTO;3.66;0;0;0
4067;AUTO;1.65;0;0;0
4068;AUTO;1.63;0;0;0
4069;AUTO;1;0;0;0
4070;AUTO;7;0;0;0
4071;AUTO;1.05;0;0;0
4072;AUTO;1.05;0;0;0
4073;AUTO;1.1;0;0;0
4074;AUTO;1.06;0;0;0
4075;AUTO;2.35;0;0;0
4076;AUTO;1.08;0;0;0
4077;AUTO;1.28;0;0;0
4078;AUTO;128.2;0;0;0
4079;AUTO;1.16;0;0;0
4080;AUTO;2.27;0;0;0
4081;AUTO;18.36;0;0;0
4082;AUTO;1.12;0;0;0
4083;AUTO;1;0;0;0
4084;AUTO;9.35;0;0;0
4085;AUTO;2.07;0;0;0
4086;AUTO;1.5;0;0;0
4087;AUTO;4.62;0;0;0
4088;AUTO;3.19;0;0;0
4089;AUTO;1.75;0;0;0
4090;AUTO;2.19;0;0;0
4091;AUTO;30.93;0;0;0
4092;AUTO;2.51;0;0;0
4093;AUTO;1.06;0;0;0
4094;AUTO;3.84;0;0;0
4095;AUTO;5.27;0;0;0
4096;AUTO;3.49;0;0;0
4097;AUTO;2.44;0;0;0
4098;AUTO;2.3;0;0;0
4099;AUTO;2.07;0;0;0
4100;AUTO;3.95;0;0;0
4101;AUTO;1.63;0;0;0
4102;AUTO;1.14;0;0;0
4103;AUTO;2.28;0;0;0
4104;AUTO;20.75;0;0;0
4105;AUTO;8.48;0;0;0
4106;AUTO;2.03;0;0;0
4107;AUTO;1;0;0;0
4108;AUTO;1;0;0;0
4109;AUTO;2.43;0;0;0
4110;AUTO;1.63;0;0;0
4111;AUTO;1.42;0;0;0
4112;AUTO;19.2;0;0;0
4113;AUTO;3.97;0;0;0
4114;AUTO;106.14;0;0;0
4115;AUTO;1.12;0;0;0
4116;AUTO;1.32;0;0;0
4117;AUTO;11.42;0;0;0
4118;AUTO;13.61;0;0;0
4119;AUTO;1.12;0;0;0
4120;AUTO;1.68;0;0;0
4121;AUTO;1.59;0;0;0
4122;AUTO;1.53;0;0;0
4123;AUTO;4.99;0;0;0
4124;AUTO;1;0;0;0
4125;AUTO;5.05;0;0;0
4126;AUTO;1;0;0;0
4127;AUTO;4.67;0;0;0
4128;AUTO;1.63;0;0;0
4129;AUTO;1.97;0;0;0
4130;AUTO;2.13;0;0;0
4131;AUTO;1.7;0;0;0
4132;AUTO;47;0;0;0
4133;AUTO;2.67;0;0;0
4134;AUTO;20.25;0;0;0
4135;AUTO;23.19;0;0;0
4136;AUTO;2.33;0;0;0
4137;AUTO;2.35;0;0;0
4138;AUTO;11.87;0;0;0
4139;AUTO;1.6;0;0;0
4140;AUTO;1.29;0;0;0
4141;AUTO;1.29;0;0;0
4142;AUTO;2.07;0;0;0
4143;AUTO;3.69;0;0;0
4144;AUTO;1.17;0;0;0
4145;AUTO;1;0;0;0
4146;AUTO;8.79;0;0;0
4147;AUTO;4.65;0;0;0
4148;AUTO;1.39;0;0;0
4149;AUTO;3.92;0;0;0
4150;AUTO;5.04;0;0;0
4151;AUTO;5.6;0;0;0
4152;AUTO;6.26;0;0;0
4153;AUTO;1.48;0;0;0
4154;AUTO;1;0;0;0
4155;AUTO;1.78;0;0;0
4156;AUTO;1.49;0;0;0
4157;AUTO;3.29;0;0;0
4158;AUTO;1.1;0;0;0
4159;AUTO;7.32;0;0;0
4160;AUTO;1.56;0;0;0
4161;AUTO;3.33;0;0;0
4162;AUTO;5.13;0;0;0
4163;AUTO;1.22;0;0;0
4164;AUTO;3.48;0;0;0
4165;AUTO;12.18;0;0;0
4166;AUTO;4.07;0;0;0
4167;AUTO;2.24;0;0;0
4168;AUTO;2.4;0;0;0
4169;AUTO;1.63;0;0;0
4170;AUTO;1.54;0;0;0
4171;AUTO;2.21;0;0;0
4172;AUTO;1.06;0;0;0
4173;AUTO;1.42;0;0;0
4174;AUTO;20.63;0;0;0
4175;AUTO;1.89;0;0;0
4176;AUTO;3;0;0;0
4177;AUTO;1.4;0;0;0
4178;AUTO;1.39;0;0;0
4179;AUTO;309.84;0;0;0
4180;AUTO;1.26;0;0;0
4181;AUTO;1.19;0;0;0
4182;AUTO;1.89;0;0;0
4183;AUTO;10.84;0;0;0
4184;AUTO;1.28;0;0;0
4185;AUTO;1.48;0;0;0
4186;AUTO;6.31;0;0;0
4187;AUTO;1.11;0;0;0
4188;AUTO;1.08;0;0;0
4189;AUTO;1.76;0;0;0
4190;AUTO;1.17;0;0;0
4191;AUTO;3.06;0;0;0
4192;AUTO;1.66;0;0;0
4193;AUTO;2.59;0;0;0
4194;AUTO;1.31;0;0;0
4195;AUTO;1.76;0;0;0
4196;AUTO;5.4;0;0;0
4197;AUTO;1.43;0;0;0
4198;AUTO;1.4;0;0;0
4199;AUTO;27.8;0;0;0
4200;AUTO;1.25;0;0;0
4201;AUTO;1.59;0;0;0
4202;AUTO;1.05;0;0;0
4203;AUTO;3.17;0;0;0
4204;AUTO;11.3;0;0;0
4205;AUTO;2.72;0;0;0
4206;AUTO;1.81;0;0;0
4207;AUTO;1.18;0;0;0
4208;AUTO;5.89;0;0;0
4209;AUTO;1.04;0;0;0
4210;AUTO;2.73;0;0;0
4211;AUTO;2.58;0;0;0
4212;AUTO;2.25;0;0;0
4213;AUTO;1.55;0;0;0
4214;AUTO;1.02;0;0;0
4215;AUTO;1.43;0;0;0
4216;AUTO;7.11;0;0;0
4217;AUTO;13.83;0;0;0
4218;AUTO;2.12;0;0;0
4219;AUTO;21.39;0;0;0
4220;AUTO;1.18;0;0;0
4221;AUTO;1.06;0;0;0
4222;AUTO;1.54;0;0;0
4223;AUTO;2;0;0;0
4224;AUTO;1.18;0;0;0
4225;AUTO;4.22;0;0;0
4226;AUTO;1.91;0;0;0
4227;AUTO;3.44;0;0;0
4228;AUTO;2.82;0;0;0
4229;AUTO;1.99;0;0;0
4230;AUTO;1.03;0;0;0
4231;AUTO;1.5;0;0;0
4232;AUTO;1.6;0;0;0
4233;AUTO;1.17;0;0;0
4234;AUTO;2.62;0;0;0
4235;AUTO;14.21;0;0;0
4236;AUTO;1.59;0;0;0
4237;AUTO;1.05;0;0;0
4238;AUTO;1;0;0;0
4239;AUTO;1.17;0;0;0
4240;AUTO;2.49;0;0;0
4241;AUTO;3.49;0;0;0
4242;AUTO;177.69;0;0;0
4243;AUTO;15.11;0;0;0
4244;AUTO;2;0;0;0
4245;AUTO;1.08;0;0;0
4246;AUTO;1.7;0;0;0
4247;AUTO;2.55;0;0;0
4248;AUTO;6.35;0;0;0
4249;AUTO;2.81;0;0;0
4250;AUTO;1.93;0;0;0
4251;AUTO;2.41;0;0;0
4252;AUTO;1.4;0;0;0
4253;AUTO;1.09;0;0;0
4254;AUTO;2.17;0;0;0
4255;AUTO;1.51;0;0;0
4256;AUTO;1.18;0;0;0
4257;AUTO;2.02;0;0;0
4258;AUTO;3.85;0;0;0
4259;AUTO;1.95;0;0;0
4260;AUTO;1.14;0;0;0
4261;AUTO;1.1;0;0;0
4262;AUTO;1.28;0;0;0
4263;AUTO;8.74;0;0;0
4264;AUTO;2.93;0;0;0
4265;AUTO;1.57;0;0;0
4266;AUTO;3.99;0;0;0
4267;AUTO;3.6;0;0;0
4268;AUTO;1.77;0;0;0
4269;AUTO;1.23;0;0;0
4270;AUTO;3.25;0;0;0
4271;AUTO;1.28;0;0;0
4272;AUTO;1.14;0;0;0
4273;AUTO;1.97;0;0;0
4274;AUTO;3.2;0;0;0
4275;AUTO;1.18;0;0;0
4276;AUTO;1.54;0;0;0
4277;AUTO;3.24;0;0;0
4278;AUTO;10.36;0;0;0
4279;AUTO;14.94;0;0;0
4280;AUTO;9.07;0;0;0
4281;AUTO;1.43;0;0;0
4282;AUTO;6.82;0;0;0
4283;AUTO;1.81;0;0;0
4284;AUTO;1;0;0;0
4285;AUTO;1.32;0;0;0
4286;AUTO;4.8;0;0;0
4287;AUTO;1.58;0;0;0
4288;AUTO;1;0;0;0
4289;AUTO;1.04;0;0;0
4290;AUTO;2.86;0;0;0
4291;AUTO;1.48;0;0;0
4292;AUTO;23.7;0;0;0
4293;AUTO;18.34;0;0;0
4294;AUTO;1.09;0;0;0
4295;AUTO;1.69;0;0;0
4296;AUTO;1.09;0;0;0
4297;AUTO;6.27;0;0;0
4298;AUTO;1.7;0;0;0
4299;AUTO;3.55;0;0;0
4300;AUTO;1.64;0;0;0
4301;AUTO;1.97;0;0;0
4302;AUTO;2.2;0;0;0
4303;AUTO;1.04;0;0;0
4304;AUTO;87.54;0;0;0
4305;AUTO;1;0;0;0
4306;AUTO;1.28;0;0;0
4307;AUTO;1.66;0;0;0
4308;AUTO;1.05;0;0;0
4309;AUTO;24.21;0;0;0
4310;AUTO;1.07;0;0;0
4311;AUTO;1;0;0;0
4312;AUTO;2.9;0;0;0
4313;AUTO;1.87;0;0;0
4314;AUTO;1.41;0;0;0
4315;AUTO;1.26;0;0;0
4316;AUTO;2.39;0;0;0
4317;AUTO;1.99;0;0;0
4318;AUTO;1.22;0;0;0
4319;AUTO;4.41;0;0;0
4320;AUTO;1.78;0;0;0
4321;AUTO;2.1;0;0;0
4322;AUTO;2.51;0;0;0
4323;AUTO;1.4;0;0;0
4324;AUTO;4496.87;0;0;0
4325;AUTO;1.32;0;0;0
4326;AUTO;5.59;0;0;0
4327;AUTO;1.42;0;0;0
4328;AUTO;2.93;0;0;0
4329;AUTO;1.99;0;0;0
4330;AUTO;1.08;0;0;0
4331;AUTO;2.74;0;0;0
4332;AUTO;3.22;0;0;0
4333;AUTO;6.6;0;0;0
4334;AUTO;1.5;0;0;0
4335;AUTO;1.95;0;0;0
4336;AUTO;5.77;0;0;0
4337;AUTO;1.38;0;0;0
4338;AUTO;1.08;0;0;0
4339;AUTO;1.36;0;0;0
4340;AUTO;3.56;0;0;0
4341;AUTO;1.53;0;0;0
4342;AUTO;2.57;0;0;0
4343;AUTO;4.71;0;0;0
4344;AUTO;1.61;0;0;0
4345;AUTO;1.78;0;0;0
4346;AUTO;1.43;0;0;0
4347;AUTO;1.04;0;0;0
4348;AUTO;1.25;0;0;0
4349;AUTO;21.43;0;0;0
4350;AUTO;1.04;0;0;0
4351;AUTO;4.28;0;0;0
4352;AUTO;2.73;0;0;0
4353;AUTO;2.09;0;0;0
4354;AUTO;6.37;0;0;0
4355;AUTO;2;0;0;0
4356;AUTO;2.41;0;0;0
4357;AUTO;20.15;0;0;0
4358;AUTO;1.09;0;0;0
4359;AUTO;1.11;0;0;0
4360;AUTO;1.26;0;0;0
4361;AUTO;2.29;0;0;0
4362;AUTO;1.35;0;0;0
4363;AUTO;5.88;0;0;0
4364;AUTO;2.46;0;0;0
4365;AUTO;2.53;0;0;0
4366;AUTO;1.55;0;0;0
4367;AUTO;1.02;0;0;0
4368;AUTO;2.32;0;0;0
4369;AUTO;2.03;0;0;0
4370;AUTO;3.93;0;0;0
4371;AUTO;2.97;0;0;0
4372;AUTO;5.34;0;0;0
4373;AUTO;19.3;0;0;0
4374;AUTO;1.36;0;0;0
4375;AUTO;1;0;0;0
4376;AUTO;4.06;0;0;0
4377;AUTO;7.34;0;0;0
4378;AUTO;1.06;0;0;0
4379;AUTO;2.6;0;0;0
4380;AUTO;1.94;0;0;0
4381;AUTO;3.02;0;0;0
4382;AUTO;1.29;0;0;0
4383;AUTO;4.96;0;0;0
4384;AUTO;1.3;0;0;0
4385;AUTO;1.21;0;0;0
4386;AUTO;1.07;0;0;0
4387;AUTO;3.08;0;0;0
4388;AUTO;22.85;0;0;0
4389;AUTO;1.9;0;0;0
4390;AUTO;10.66;0;0;0
4391;AUTO;1.84;0;0;0
4392;AUTO;1.55;0;0;0
4393;AUTO;1.06;0;0;0
4394;AUTO;2.68;0;0;0
4395;AUTO;2.61;0;0;0
4396;AUTO;1.9;0;0;0
4397;AUTO;2.26;0;0;0
4398;AUTO;63.16;0;0;0
4399;AUTO;3.17;0;0;0
4400;AUTO;10.62;0;0;0
4401;AUTO;4.99;0;0;0
4402;AUTO;5.68;0;0;0
4403;AUTO;3.43;0;0;0
4404;AUTO;7.84;0;0;0
4405;AUTO;1.41;0;0;0
4406;AUTO;1.28;0;0;0
4407;AUTO;6.26;0;0;0
4408;AUTO;1.06;0;0;0
4409;AUTO;53.76;0;0;0
4410;AUTO;43.13;0;0;0
4411;AUTO;1.03;0;0;0
4412;AUTO;1.21;0;0;0
4413;AUTO;15.96;0;0;0
4414;AUTO;5.86;0;0;0
4415;AUTO;1.2;0;0;0
4416;AUTO;1.56;0;0;0
4417;AUTO;1.65;0;0;0
4418;AUTO;1.74;0;0;0
4419;AUTO;3.26;0;0;0
4420;AUTO;7.58;0;0;0
4421;AUTO;1.21;0;0;0
4422;AUTO;3.27;0;0;0
4423;AUTO;2.12;0;0;0
4424;AUTO;1;0;0;0
4425;AUTO;2.51;0;0;0
4426;AUTO;2.29;0;0;0
4427;AUTO;1.57;0;0;0
4428;AUTO;9.68;0;0;0
4429;AUTO;3.57;0;0;0
4430;AUTO;2.16;0;0;0
4431;AUTO;1.42;0;0;0
4432;AUTO;1.37;0;0;0
4433;AUTO;1.6;0;0;0
4434;AUTO;1.65;0;0;0
4435;AUTO;5.1;0;0;0
4436;AUTO;1.29;0;0;0
4437;AUTO;3.39;0;0;0
4438;AUTO;1.24;0;0;0
4439;AUTO;1.51;0;0;0
4440;AUTO;12.8;0;0;0
4441;AUTO;2.42;0;0;0
4442;AUTO;1.12;0;0;0
4443;AUTO;1.41;0;0;0
4444;AUTO;1.37;0;0;0
4445;AUTO;24.49;0;0;0
4446;AUTO;1.22;0;0;0
4447;AUTO;3.48;0;0;0
4448;AUTO;2.16;0;0;0
4449;AUTO;3.09;0;0;0
4450;AUTO;1.49;0;0;0
4451;AUTO;6.15;0;0;0
4452;AUTO;1.34;0;0;0
4453;AUTO;7.38;0;0;0
4454;AUTO;2.02;0;0;0
4455;AUTO;1.79;0;0;0
4456;AUTO;1.24;0;0;0
4457;AUTO;4.05;0;0;0
4458;AUTO;1.02;0;0;0
4459;AUTO;1;0;0;0
4460;AUTO;6.51;0;0;0
4461;AUTO;2.31;0;0;0
4462;AUTO;1.33;0;0;0
4463;AUTO;1.61;0;0;0
4464;AUTO;1.13;0;0;0
4465;AUTO;2.15;0;0;0
4466;AUTO;1.98;0;0;0
4467;AUTO;3.09;0;0;0
4468;AUTO;1.44;0;0;0
4469;AUTO;1.01;0;0;0
4470;AUTO;1.4;0;0;0
4471;AUTO;2.19;0;0;0
4472;AUTO;2.41;0;0;0
4473;AUTO;1.01;0;0;0
4474;AUTO;8.22;0;0;0
4475;AUTO;1.22;0;0;0
4476;AUTO;2.25;0;0;0
4477;AUTO;1.01;0;0;0
4478;AUTO;1.42;0;0;0
4479;AUTO;2.94;0;0;0
4480;AUTO;10.66;0;0;0
4481;AUTO;11.77;0;0;0
4482;AUTO;1.03;0;0;0
4483;AUTO;3.03;0;0;0
4484;AUTO;12.5;0;0;0
4485;AUTO;1.08;0;0;0
4486;AUTO;1.09;0;0;0
4487;AUTO;1.47;0;0;0
4488;AUTO;6.37;0;0;0
4489;AUTO;5.14;0;0;0
4490;AUTO;4.47;0;0;0
4491;AUTO;1.05;0;0;0
4492;AUTO;1.06;0;0;0
4493;AUTO;1.94;0;0;0
4494;AUTO;1.72;0;0;0
4495;AUTO;1.41;0;0;0
4496;AUTO;83.87;0;0;0
4497;AUTO;4.49;0;0;0
4498;AUTO;2.75;0;0;0
4499;AUTO;6.25;0;0;0
4500;AUTO;1.44;0;0;0
4501;AUTO;1.15;0;0;0
4502;AUTO;1.75;0;0;0
4503;AUTO;1.24;0;0;0
4504;AUTO;1.04;0;0;0
4505;AUTO;1.57;0;0;0
4506;AUTO;3.7;0;0;0
4507;AUTO;2.3;0;0;0
4508;AUTO;1.03;0;0;0
4509;AUTO;1.05;0;0;0
4510;AUTO;1.02;0;0;0
4511;AUTO;3.64;0;0;0
4512;AUTO;1.49;0;0;0
4513;AUTO;2.96;0;0;0
4514;AUTO;12.37;0;0;0
4515;AUTO;1.1;0;0;0
4516;AUTO;1.19;0;0;0
4517;AUTO;1.3;0;0;0
4518;AUTO;1.53;0;0;0
4519;AUTO;2.67;0;0;0
4520;AUTO;1.07;0;0;0
4521;AUTO;2.4;0;0;0
4522;AUTO;1.18;0;0;0
4523;AUTO;1.48;0;0;0
4524;AUTO;7.41;0;0;0
4525;AUTO;1.93;0;0;0
4526;AUTO;1.52;0;0;0
4527;AUTO;2.56;0;0;0
4528;AUTO;1.01;0;0;0
4529;AUTO;1;0;0;0
4530;AUTO;1.89;0;0;0
4531;AUTO;1.06;0;0;0
4532;AUTO;1.17;0;0;0
4533;AUTO;116.62;0;0;0
4534;AUTO;1.52;0;0;0
4535;AUTO;69.19;0;0;0
4536;AUTO;1.06;0;0;0
4537;AUTO;1.42;0;0;0
4538;AUTO;1.05;0;0;0
4539;AUTO;1.12;0;0;0
4540;AUTO;1.6;0;0;0
4541;AUTO;1.57;0;0;0
4542;AUTO;1.07;0;0;0
4543;AUTO;40.86;0;0;0
4544;AUTO;8.41;0;0;0
4545;AUTO;1.36;0;0;0
4546;AUTO;3.35;0;0;0
4547;AUTO;21.73;0;0;0
4548;AUTO;1;0;0;0
4549;AUTO;1.35;0;0;0
4550;AUTO;2.05;0;0;0
4551;AUTO;1.08;0;0;0
4552;AUTO;1.35;0;0;0
4553;AUTO;6.39;0;0;0
4554;AUTO;2.63;0;0;0
4555;AUTO;3.39;0;0;0
4556;AUTO;2.7;0;0;0
4557;AUTO;2.47;0;0;0
4558;AUTO;4.5;0;0;0
4559;AUTO;1.15;0;0;0
4560;AUTO;4.04;0;0;0
4561;AUTO;3.64;0;0;0
4562;AUTO;1;0;0;0
4563;AUTO;1.17;0;0;0
4564;AUTO;2.25;0;0;0
4565;AUTO;1.26;0;0;0
4566;AUTO;1.99;0;0;0
4567;AUTO;11.99;0;0;0
4568;AUTO;1.28;0;0;0
4569;AUTO;1.6;0;0;0
4570;AUTO;1.28;0;0;0
4571;AUTO;1.93;0;0;0
4572;AUTO;1.02;0;0;0
4573;AUTO;1.5;0;0;0
4574;AUTO;1.38;0;0;0
4575;AUTO;5.23;0;0;0
4576;AUTO;2.86;0;0;0
4577;AUTO;2.49;0;0;0
4578;AUTO;7.12;0;0;0
4579;AUTO;1.79;0;0;0
4580;AUTO;1.87;0;0;0
4581;AUTO;2.1;0;0;0
4582;AUTO;3.05;0;0;0
4583;AUTO;1.57;0;0;0
4584;AUTO;1.4;0;0;0
4585;AUTO;1.58;0;0;0
4586;AUTO;5.57;0;0;0
4587;AUTO;1.01;0;0;0
4588;AUTO;12.06;0;0;0
4589;AUTO;1.35;0;0;0
4590;AUTO;5.63;0;0;0
4591;AUTO;9.96;0;0;0
4592;AUTO;1.94;0;0;0
4593;AUTO;1.65;0;0;0
4594;AUTO;1.83;0;0;0
4595;AUTO;1.03;0;0;0
4596;AUTO;1.16;0;0;0
4597;AUTO;1.68;0;0;0
4598;AUTO;1;0;0;0
4599;AUTO;1.21;0;0;0
4600;AUTO;9.72;0;0;0
4601;AUTO;1.23;0;0;0
4602;AUTO;8.41;0;0;0
4603;AUTO;1.26;0;0;0
4604;AUTO;3.2;0;0;0
4605;AUTO;1.24;0;0;0
4606;AUTO;6.77;0;0;0
4607;AUTO;1;0;0;0
4608;AUTO;1.21;0;0;0
4609;AUTO;15.96;0;0;0
4610;AUTO;1.1;0;0;0
4611;AUTO;1.37;0;0;0
4612;AUTO;3.07;0;0;0
4613;AUTO;5.09;0;0;0
4614;AUTO;3.7;0;0;0
4615;AUTO;2.79;0;0;0
4616;AUTO;1.91;0;0;0
4617;AUTO;1.69;0;0;0
4618;AUTO;1.56;0;0;0
4619;AUTO;2.33;0;0;0
4620;AUTO;2.71;0;0;0
4621;AUTO;1.29;0;0;0
4622;AUTO;1.39;0;0;0
4623;AUTO;7.12;0;0;0
4624;AUTO;1.51;0;0;0
4625;AUTO;1.12;0;0;0
4626;AUTO;1.47;0;0;0
4627;AUTO;1.46;0;0;0
4628;AUTO;1.07;0;0;0
4629;AUTO;9.99;0;0;0
4630;AUTO;1.05;0;0;0
4631;AUTO;1.62;0;0;0
4632;AUTO;3.99;0;0;0
4633;AUTO;1.73;0;0;0
4634;AUTO;2.02;0;0;0
4635;AUTO;1;0;0;0
4636;AUTO;284.66;0;0;0
4637;AUTO;1.11;0;0;0
4638;AUTO;3.03;0;0;0
4639;AUTO;2.89;0;0;0
4640;AUTO;4.18;0;0;0
4641;AUTO;2.92;0;0;0
4642;AUTO;1.42;0;0;0
4643;AUTO;1.24;0;0;0
4644;AUTO;1.29;0;0;0
4645;AUTO;4.19;0;0;0
4646;AUTO;1.41;0;0;0
4647;AUTO;2.33;0;0;0
4648;AUTO;15.59;0;0;0
4649;AUTO;1.59;0;0;0
4650;AUTO;2.23;0;0;0
4651;AUTO;1.12;0;0;0
4652;AUTO;1.15;0;0;0
4653;AUTO;3.13;0;0;0
4654;AUTO;7.83;0;0;0
4655;AUTO;1.99;0;0;0
4656;AUTO;2.64;0;0;0
4657;AUTO;1.15;0;0;0
4658;AUTO;1.58;0;0;0
4659;AUTO;2.33;0;0;0
4660;AUTO;20.78;0;0;0
4661;AUTO;1.33;0;0;0
4662;AUTO;1.11;0;0;0
4663;AUTO;1.13;0;0;0
4664;AUTO;1.69;0;0;0
4665;AUTO;12.01;0;0;0
4666;AUTO;2.15;0;0;0
4667;AUTO;2.6;0;0;0
4668;AUTO;1.3;0;0;0
4669;AUTO;14.64;0;0;0
4670;AUTO;1.94;0;0;0
4671;AUTO;2.08;0;0;0
4672;AUTO;3.4;0;0;0
4673;AUTO;6.99;0;0;0
4674;AUTO;0.24;0;0;0
4675;AUTO;1.13;0;0;0
4676;AUTO;1.23;0;0;0
4677;AUTO;2.36;0;0;0
4678;AUTO;11.15;0;0;0
4679;AUTO;7.82;0;0;0
4680;AUTO;4.99;0;0;0
4681;AUTO;1.56;0;0;0
4682;AUTO;1.51;0;0;0
4683;AUTO;1.08;0;0;0
4684;AUTO;1.58;0;0;0
4685;AUTO;6.97;0;0;0
4686;AUTO;69.53;0;0;0
4687;AUTO;15.76;0;0;0
4688;AUTO;2.27;0;0;0
4689;AUTO;5.98;0;0;0
4690;AUTO;2.59;0;0;0
4691;AUTO;5.92;0;0;0
4692;AUTO;42.07;0;0;0
4693;AUTO;1.14;0;0;0
4694;AUTO;1.52;0;0;0
4695;AUTO;1.8;0;0;0
4696;AUTO;3.43;0;0;0
4697;AUTO;1.18;0;0;0
4698;AUTO;2.58;0;0;0
4699;AUTO;1.46;0;0;0
4700;AUTO;1.37;0;0;0
4701;AUTO;1.48;0;0;0
4702;AUTO;5.78;0;0;0
4703;AUTO;1.43;0;0;0
4704;AUTO;1.12;0;0;0
4705;AUTO;9.08;0;0;0
4706;AUTO;1.15;0;0;0
4707;AUTO;1.79;0;0;0
4708;AUTO;6.27;0;0;0
4709;AUTO;1.26;0;0;0
4710;AUTO;1.03;0;0;0
4711;AUTO;5.66;0;0;0
4712;AUTO;1.27;0;0;0
4713;AUTO;1.45;0;0;0
4714;AUTO;5.4;0;0;0
4715;AUTO;3.94;0;0;0
4716;AUTO;2.23;0;0;0
4717;AUTO;1.41;0;0;0
4718;AUTO;1.23;0;0;0
4719;AUTO;1.13;0;0;0
4720;AUTO;4.97;0;0;0
4721;AUTO;1.26;0;0;0
4722;AUTO;1.04;0;0;0
4723;AUTO;1.23;0;0;0
4724;AUTO;1.4;0;0;0
4725;AUTO;4.67;0;0;0
4726;AUTO;6.02;0;0;0
4727;AUTO;1.84;0;0;0
4728;AUTO;1.45;0;0;0
4729;AUTO;3.3;0;0;0
4730;AUTO;1;0;0;0
4731;AUTO;8.93;0;0;0
4732;AUTO;1.01;0;0;0
4733;AUTO;3.3;0;0;0
4734;AUTO;8.65;0;0;0
4735;AUTO;3.19;0;0;0
4736;AUTO;4.62;0;0;0
4737;AUTO;2.16;0;0;0
4738;AUTO;10.44;0;0;0
4739;AUTO;22.83;0;0;0
4740;AUTO;1.25;0;0;0
4741;AUTO;3.02;0;0;0
4742;AUTO;4.08;0;0;0
4743;AUTO;72.52;0;0;0
4744;AUTO;1.49;0;0;0
4745;AUTO;1.47;0;0;0
4746;AUTO;1.5;0;0;0
4747;AUTO;1.43;0;0;0
4748;AUTO;5.45;0;0;0
4749;AUTO;1.4;0;0;0
4750;AUTO;1.12;0;0;0
4751;AUTO;2.62;0;0;0
4752;AUTO;1.37;0;0;0
4753;AUTO;1.35;0;0;0
4754;AUTO;6.88;0;0;0
4755;AUTO;3.25;0;0;0
4756;AUTO;1;0;0;0
4757;AUTO;12.66;0;0;0
4758;AUTO;7.51;0;0;0
4759;AUTO;2.19;0;0;0
4760;AUTO;163.48;0;0;0
4761;AUTO;2.8;0;0;0
4762;AUTO;2.46;0;0;0
4763;AUTO;4.9;0;0;0
4764;AUTO;2.85;0;0;0
4765;AUTO;2.6;0;0;0
4766;AUTO;43.22;0;0;0
4767;AUTO;3.68;0;0;0
4768;AUTO;2.29;0;0;0
4769;AUTO;1.03;0;0;0
4770;AUTO;1.15;0;0;0
4771;AUTO;1.51;0;0;0
4772;AUTO;1.7;0;0;0
4773;AUTO;1.5;0;0;0
4774;AUTO;3.29;0;0;0
4775;AUTO;2.77;0;0;0
4776;AUTO;1.34;0;0;0
4777;AUTO;1.08;0;0;0
4778;AUTO;4.88;0;0;0
4779;AUTO;1.94;0;0;0
4780;AUTO;1.87;0;0;0
4781;AUTO;1.48;0;0;0
4782;AUTO;9.41;0;0;0
4783;AUTO;2.55;0;0;0
4784;AUTO;1.35;0;0;0
4785;AUTO;5.83;0;0;0
4786;AUTO;4.29;0;0;0
4787;AUTO;2.55;0;0;0
4788;AUTO;1.92;0;0;0
4789;AUTO;4.68;0;0;0
4790;AUTO;3.98;0;0;0
4791;AUTO;1;0;0;0
4792;AUTO;1.03;0;0;0
4793;AUTO;4.48;0;0;0
4794;AUTO;1.3;0;0;0
4795;AUTO;2.71;0;0;0
4796;AUTO;2.46;0;0;0
4797;AUTO;2.01;0;0;0
4798;AUTO;1.31;0;0;0
4799;AUTO;1;0;0;0
4800;AUTO;2.5;0;0;0
4801;AUTO;1.21;0;0;0
4802;AUTO;1.1;0;0;0
4803;AUTO;74.56;0;0;0
4804;AUTO;3.52;0;0;0
4805;AUTO;2.08;0;0;0
4806;AUTO;6.66;0;0;0
4807;AUTO;3.94;0;0;0
4808;AUTO;1.03;0;0;0
4809;AUTO;1.99;0;0;0
4810;AUTO;3.82;0;0;0
4811;AUTO;1.42;0;0;0
4812;AUTO;2.09;0;0;0
4813;AUTO;2.62;0;0;0
4814;AUTO;173.3;0;0;0
4815;AUTO;1.91;0;0;0
4816;AUTO;9.82;0;0;0
4817;AUTO;4.83;0;0;0
4818;AUTO;35.43;0;0;0
4819;AUTO;1.7;0;0;0
4820;AUTO;1.15;0;0;0
4821;AUTO;1.41;0;0;0
4822;AUTO;2.22;0;0;0
4823;AUTO;7.06;0;0;0
4824;AUTO;1.14;0;0;0
4825;AUTO;1.61;0;0;0
4826;AUTO;3.2;0;0;0
4827;AUTO;1.82;0;0;0
4828;AUTO;3.4;0;0;0
4829;AUTO;1.3;0;0;0
4830;AUTO;11.82;0;0;0
4831;AUTO;2.72;0;0;0
4832;AUTO;3.16;0;0;0
4833;AUTO;1.31;0;0;0
4834;AUTO;9.55;0;0;0
4835;AUTO;3.07;0;0;0
4836;AUTO;2.94;0;0;0
4837;AUTO;1.7;0;0;0
4838;AUTO;2.21;0;0;0
4839;AUTO;9.76;0;0;0
4840;AUTO;5.16;0;0;0
4841;AUTO;2.94;0;0;0
4842;AUTO;1.79;0;0;0
4843;AUTO;1;0;0;0
4844;AUTO;1.33;0;0;0
4845;AUTO;1;0;0;0
4846;AUTO;4.03;0;0;0
4847;AUTO;2.47;0;0;0
4848;AUTO;7.19;0;0;0
4849;AUTO;1.75;0;0;0
4850;AUTO;2.16;0;0;0
4851;AUTO;1;0;0;0
4852;AUTO;1.56;0;0;0
4853;AUTO;1.72;0;0;0
4854;AUTO;1.13;0;0;0
4855;AUTO;1.46;0;0;0
4856;AUTO;1.75;0;0;0
4857;AUTO;1.97;0;0;0
4858;AUTO;1.8;0;0;0
4859;AUTO;3.5;0;0;0
4860;AUTO;3.25;0;0;0
4861;AUTO;4.93;0;0;0
4862;AUTO;1.01;0;0;0
4863;AUTO;1.26;0;0;0
4864;AUTO;2.51;0;0;0
4865;AUTO;16.15;0;0;0
4866;AUTO;1.42;0;0;0
4867;AUTO;1.17;0;0;0
4868;AUTO;1.28;0;0;0
4869;AUTO;1.29;0;0;0
4870;AUTO;1.71;0;0;0
4871;AUTO;1.07;0;0;0
4872;AUTO;4.47;0;0;0
4873;AUTO;19.29;0;0;0
4874;AUTO;3.02;0;0;0
4875;AUTO;7.12;0;0;0
4876;AUTO;3.69;0;0;0
4877;AUTO;1.76;0;0;0
4878;AUTO;2.21;0;0;0
4879;AUTO;5;0;0;0
4880;AUTO;1.95;0;0;0
4881;AUTO;9.85;0;0;0
4882;AUTO;1.32;0;0;0
4883;AUTO;2.25;0;0;0
4884;AUTO;12.24;0;0;0
4885;AUTO;1.17;0;0;0
4886;AUTO;1.8;0;0;0
4887;AUTO;1.98;0;0;0
4888;AUTO;2.31;0;0;0
4889;AUTO;1.64;0;0;0
4890;AUTO;2.27;0;0;0
4891;AUTO;1.94;0;0;0
4892;AUTO;1.11;0;0;0
4893;AUTO;3.83;0;0;0
4894;AUTO;2.72;0;0;0
4895;AUTO;3.42;0;0;0
4896;AUTO;1.16;0;0;0
4897;AUTO;1.35;0;0;0
4898;AUTO;1.32;0;0;0
4899;AUTO;1.18;0;0;0
4900;AUTO;2.53;0;0;0
4901;AUTO;6.75;0;0;0
4902;AUTO;2.13;0;0;0
4903;AUTO;15.13;0;0;0
4904;AUTO;2;0;0;0
4905;AUTO;27.95;0;0;0
4906;AUTO;75.63;0;0;0
4907;AUTO;1;0;0;0
4908;AUTO;4.53;0;0;0
4909;AUTO;10.2;0;0;0
4910;AUTO;22.14;0;0;0
4911;AUTO;1.56;0;0;0
4912;AUTO;2.06;0;0;0
4913;AUTO;1;0;0;0
4914;AUTO;1.5;0;0;0
4915;AUTO;1.75;0;0;0
4916;AUTO;2.65;0;0;0
4917;AUTO;2.95;0;0;0
4918;AUTO;3.13;0;0;0
4919;AUTO;6.91;0;0;0
4920;AUTO;3.27;0;0;0
4921;AUTO;1;0;0;0
4922;AUTO;4.19;0;0;0
4923;AUTO;24.2;0;0;0
4924;AUTO;1.7;0;0;0
4925;AUTO;7.43;0;0;0
4926;AUTO;6.74;0;0;0
4927;AUTO;4.45;0;0;0
4928;AUTO;1.43;0;0;0
4929;AUTO;3.49;0;0;0
4930;AUTO;168.33;0;0;0
4931;AUTO;1.1;0;0;0
4932;AUTO;1.11;0;0;0
4933;AUTO;1.7;0;0;0
4934;AUTO;1.18;0;0;0
4935;AUTO;3.1;0;0;0
4936;AUTO;3.28;0;0;0
4937;AUTO;3.57;0;0;0
4938;AUTO;2.35;0;0;0
4939;AUTO;5.94;0;0;0
4940;AUTO;3.82;0;0;0
4941;AUTO;1.13;0;0;0
4942;AUTO;1.54;0;0;0
4943;AUTO;1;0;0;0
4944;AUTO;1.98;0;0;0
4945;AUTO;1.7;0;0;0
4946;AUTO;3.72;0;0;0
4947;AUTO;10.81;0;0;0
4948;AUTO;1.11;0;0;0
4949;AUTO;1.56;0;0;0
4950;AUTO;2.26;0;0;0
4951;AUTO;1.29;0;0;0
4952;AUTO;5.68;0;0;0
4953;AUTO;1.14;0;0;0
4954;AUTO;4.47;0;0;0
4955;AUTO;1.61;0;0;0
4956;AUTO;2.15;0;0;0
4957;AUTO;10.8;0;0;0
4958;AUTO;2.55;0;0;0
4959;AUTO;344.99;0;0;0
4960;AUTO;1.08;0;0;0
4961;AUTO;3.02;0;0;0
4962;AUTO;2.18;0;0;0
4963;AUTO;1.11;0;0;0
4964;AUTO;1;0;0;0
4965;AUTO;1.59;0;0;0
4966;AUTO;3.29;0;0;0
4967;AUTO;3.49;0;0;0
4968;AUTO;1.31;0;0;0
4969;AUTO;1.41;0;0;0
4970;AUTO;2.94;0;0;0
4971;AUTO;6.61;0;0;0
4972;AUTO;2.7;0;0;0
4973;AUTO;1.25;0;0;0
4974;AUTO;1.67;0;0;0
4975;AUTO;1.19;0;0;0
4976;AUTO;1.09;0;0;0
4977;AUTO;1.21;0;0;0
4978;AUTO;3.73;0;0;0
4979;AUTO;4.56;0;0;0
4980;AUTO;268.41;0;0;0
4981;AUTO;3.88;0;0;0
4982;AUTO;1.17;0;0;0
4983;AUTO;1.01;0;0;0
4984;AUTO;124.65;0;0;0
4985;AUTO;1.69;0;0;0
4986;AUTO;2.64;0;0;0
4987;AUTO;3.6;0;0;0
4988;AUTO;2.55;0;0;0
4989;AUTO;1.06;0;0;0
4990;AUTO;8.04;0;0;0
4991;AUTO;4.85;0;0;0
4992;AUTO;1.04;0;0;0
4993;AUTO;1.18;0;0;0
4994;AUTO;2.06;0;0;0
4995;AUTO;1.54;0;0;0
4996;AUTO;1.54;0;0;0
4997;AUTO;1.2;0;0;0
4998;AUTO;1.82;0;0;0
4999;AUTO;1.14;0;0;0
5000;AUTO;2.08;0;0;0
5001;AUTO;1.05;0;0;0
5002;AUTO;1;0;0;0
5003;AUTO;1.49;0;0;0
5004;AUTO;3.07;0;0;0
5005;AUTO;1;0;0;0
5006;AUTO;1.32;0;0;0
5007;AUTO;5.33;0;0;0
5008;AUTO;5.06;0;0;0
5009;AUTO;4.04;0;0;0
5010;AUTO;3.31;0;0;0
5011;AUTO;1;0;0;0
5012;AUTO;1.24;0;0;0
5013;AUTO;1.29;0;0;0
5014;AUTO;1.72;0;0;0
5015;AUTO;1.06;0;0;0
5016;AUTO;1.62;0;0;0
5017;AUTO;32.93;0;0;0
5018;AUTO;1.67;0;0;0
5019;AUTO;1.53;0;0;0
5020;AUTO;1.04;0;0;0
5021;AUTO;2.11;0;0;0
5022;AUTO;1.98;0;0;0
5023;AUTO;1.28;0;0;0
5024;AUTO;1.49;0;0;0
5025;AUTO;1.26;0;0;0
5026;AUTO;1.55;0;0;0
5027;AUTO;1.3;0;0;0
5028;AUTO;1.17;0;0;0
5029;AUTO;12.74;0;0;0
5030;AUTO;2.28;0;0;0
5031;AUTO;1.69;0;0;0
5032;AUTO;2.19;0;0;0
5033;AUTO;1.07;0;0;0
5034;AUTO;6.23;0;0;0
5035;AUTO;1.12;0;0;0
5036;AUTO;8.13;0;0;0
5037;AUTO;1.14;0;0;0
5038;AUTO;16.14;0;0;0
5039;AUTO;1.75;0;0;0
5040;AUTO;1.04;0;0;0
5041;AUTO;1.55;0;0;0
5042;AUTO;1.36;0;0;0
5043;AUTO;4.24;0;0;0
5044;AUTO;1.33;0;0;0
5045;AUTO;1.32;0;0;0
5046;AUTO;1.5;0;0;0
5047;AUTO;2.03;0;0;0
5048;AUTO;1.96;0;0;0
5049;AUTO;12.26;0;0;0
5050;AUTO;1;0;0;0
5051;AUTO;1.11;0;0;0
5052;AUTO;2.03;0;0;0
5053;AUTO;1.35;0;0;0
5054;AUTO;1;0;0;0
5055;AUTO;1.21;0;0;0
5056;AUTO;1.28;0;0;0
5057;AUTO;1.15;0;0;0
5058;AUTO;8.76;0;0;0
5059;AUTO;2.12;0;0;0
5060;AUTO;1.09;0;0;0
5061;AUTO;3.65;0;0;0
5062;AUTO;2.49;0;0;0
5063;AUTO;1.29;0;0;0
5064;AUTO;1.19;0;0;0
5065;AUTO;1.15;0;0;0
5066;AUTO;1.46;0;0;0
5067;AUTO;3.21;0;0;0
5068;AUTO;1.08;0;0;0
5069;AUTO;2.53;0;0;0
5070;AUTO;2.33;0;0;0
5071;AUTO;1.11;0;0;0
5072;AUTO;1.68;0;0;0
5073;AUTO;1.77;0;0;0
5074;AUTO;6.76;0;0;0
5075;AUTO;5.4;0;0;0
5076;AUTO;1.99;0;0;0
5077;AUTO;27.26;0;0;0
5078;AUTO;1.36;0;0;0
5079;AUTO;2.77;0;0;0
5080;AUTO;2.44;0;0;0
5081;AUTO;1.97;0;0;0
5082;AUTO;2.05;0;0;0
5083;AUTO;4.61;0;0;0
5084;AUTO;21.06;0;0;0
5085;AUTO;1.08;0;0;0
5086;AUTO;3.59;0;0;0
5087;AUTO;1;0;0;0
5088;AUTO;1;0;0;0
5089;AUTO;1.96;0;0;0
5090;AUTO;3.71;0;0;0
5091;AUTO;11.85;0;0;0
5092;AUTO;1.08;0;0;0
5093;AUTO;12.3;0;0;0
5094;AUTO;1.16;0;0;0
5095;AUTO;5.21;0;0;0
5096;AUTO;4.17;0;0;0
5097;AUTO;2.33;0;0;0
5098;AUTO;1;0;0;0
5099;AUTO;1.2;0;0;0
5100;AUTO;741.99;0;0;0
5101;AUTO;7.9;0;0;0
5102;AUTO;1;0;0;0
5103;AUTO;1.63;0;0;0
5104;AUTO;1.54;0;0;0
5105;AUTO;1.01;0;0;0
5106;AUTO;8.25;0;0;0
5107;AUTO;1.36;0;0;0
5108;AUTO;3.54;0;0;0
5109;AUTO;1.78;0;0;0
5110;AUTO;11.31;0;0;0
5111;AUTO;8.18;0;0;0
5112;AUTO;16.58;0;0;0
5113;AUTO;1.05;0;0;0
5114;AUTO;2.88;0;0;0
5115;AUTO;4.66;0;0;0
5116;AUTO;1.6;0;0;0
5117;AUTO;4.92;0;0;0
5118;AUTO;5.45;0;0;0
5119;AUTO;1;0;0;0
5120;AUTO;1.69;0;0;0
5121;AUTO;1.13;0;0;0
5122;AUTO;1.34;0;0;0
5123;AUTO;2.21;0;0;0
5124;AUTO;1;0;0;0
5125;AUTO;1.31;0;0;0
5126;AUTO;2.67;0;0;0
5127;AUTO;1.37;0;0;0
5128;AUTO;3.03;0;0;0
5129;AUTO;2.07;0;0;0
5130;AUTO;1.41;0;0;0
5131;AUTO;5.11;0;0;0
5132;AUTO;96.71;0;0;0
5133;AUTO;3;0;0;0
5134;AUTO;1.51;0;0;0
5135;AUTO;1.42;0;0;0
5136;AUTO;1.25;0;0;0
5137;AUTO;4.96;0;0;0
5138;AUTO;1.89;0;0;0
5139;AUTO;1.74;0;0;0
5140;AUTO;3.65;0;0;0
5141;AUTO;6.36;0;0;0
5142;AUTO;2.19;0;0;0
5143;AUTO;1.62;0;0;0
5144;AUTO;1.42;0;0;0
5145;AUTO;1.04;0;0;0
5146;AUTO;1.02;0;0;0
5147;AUTO;2.41;0;0;0
5148;AUTO;2.8;0;0;0
5149;AUTO;71.43;0;0;0
5150;AUTO;1.06;0;0;0
5151;AUTO;1.53;0;0;0
5152;AUTO;1.78;0;0;0
5153;AUTO;1.01;0;0;0
5154;AUTO;4.03;0;0;0
5155;AUTO;1.58;0;0;0
5156;AUTO;1.3;0;0;0
5157;AUTO;3.96;0;0;0
5158;AUTO;1.59;0;0;0
5159;AUTO;1.62;0;0;0
5160;AUTO;1.47;0;0;0
5161;AUTO;20.59;0;0;0
5162;AUTO;1.94;0;0;0
5163;AUTO;1.01;0;0;0
5164;AUTO;1.56;0;0;0
5165;AUTO;64.73;0;0;0
5166;AUTO;1.48;0;0;0
5167;AUTO;28.82;0;0;0
5168;AUTO;1.32;0;0;0
5169;AUTO;1.18;0;0;0
5170;AUTO;2.95;0;0;0
5171;AUTO;1.43;0;0;0
5172;AUTO;22.27;0;0;0
5173;AUTO;1.29;0;0;0
5174;AUTO;1.74;0;0;0
5175;AUTO;6.14;0;0;0
5176;AUTO;5.63;0;0;0
5177;AUTO;1.47;0;0;0
5178;AUTO;1.44;0;0;0
5179;AUTO;1.02;0;0;0
5180;AUTO;1.15;0;0;0
5181;AUTO;1.27;0;0;0
5182;AUTO;3.72;0;0;0
5183;AUTO;4.38;0;0;0
5184;AUTO;4.09;0;0;0
5185;AUTO;2.41;0;0;0
5186;AUTO;1.79;0;0;0
5187;AUTO;1.69;0;0;0
5188;AUTO;308.88;0;0;0
5189;AUTO;1.51;0;0;0
5190;AUTO;1.07;0;0;0
5191;AUTO;1.42;0;0;0
5192;AUTO;1.06;0;0;0
5193;AUTO;1.04;0;0;0
5194;AUTO;2.26;0;0;0
5195;AUTO;4.15;0;0;0
5196;AUTO;2.34;0;0;0
5197;AUTO;8.42;0;0;0
5198;AUTO;1;0;0;0
5199;AUTO;7.39;0;0;0
5200;AUTO;1.78;0;0;0
5201;AUTO;1.13;0;0;0
5202;AUTO;2.51;0;0;0
5203;AUTO;1.09;0;0;0
5204;AUTO;1.91;0;0;0
5205;AUTO;1.33;0;0;0
5206;AUTO;1.76;0;0;0
5207;AUTO;49.94;0;0;0
5208;AUTO;8.02;0;0;0
5209;AUTO;2.93;0;0;0
5210;AUTO;1.38;0;0;0
5211;AUTO;1.33;0;0;0
5212;AUTO;1.31;0;0;0
5213;AUTO;1.1;0;0;0
5214;AUTO;1.38;0;0;0
5215;AUTO;1.5;0;0;0
5216;AUTO;1.58;0;0;0
5217;AUTO;1.81;0;0;0
5218;AUTO;1.46;0;0;0
5219;AUTO;1.17;0;0;0
5220;AUTO;1.47;0;0;0
5221;AUTO;1.24;0;0;0
5222;AUTO;13.53;0;0;0
5223;AUTO;36.83;0;0;0
5224;AUTO;2.9;0;0;0
5225;AUTO;1.86;0;0;0
5226;AUTO;1.96;0;0;0
5227;AUTO;3.99;0;0;0
5228;AUTO;114.73;0;0;0
5229;AUTO;2.07;0;0;0
5230;AUTO;1.77;0;0;0
5231;AUTO;4.45;0;0;0
5232;AUTO;2.58;0;0;0
5233;AUTO;3.36;0;0;0
5234;AUTO;1.05;0;0;0
5235;AUTO;1.53;0;0;0
5236;AUTO;1;0;0;0
5237;AUTO;2.86;0;0;0
5238;AUTO;1.13;0;0;0
5239;AUTO;1.41;0;0;0
5240;AUTO;2.14;0;0;0
5241;AUTO;2.09;0;0;0
5242;AUTO;1.83;0;0;0
5243;AUTO;1.79;0;0;0
5244;AUTO;3.2;0;0;0
5245;AUTO;1.54;0;0;0
5246;AUTO;2.83;0;0;0
5247;AUTO;723.7;0;0;0
5248;AUTO;2.31;0;0;0
5249;AUTO;66.91;0;0;0
5250;AUTO;1.29;0;0;0
5251;AUTO;1.67;0;0;0
5252;AUTO;10.14;0;0;0
5253;AUTO;1.83;0;0;0
5254;AUTO;1.08;0;0;0
5255;AUTO;1.01;0;0;0
5256;AUTO;2.84;0;0;0
5257;AUTO;1.93;0;0;0
5258;AUTO;11.28;0;0;0
5259;AUTO;6.3;0;0;0
5260;AUTO;1.72;0;0;0
5261;AUTO;2.2;0;0;0
5262;AUTO;1.65;0;0;0
5263;AUTO;1.44;0;0;0
5264;AUTO;3.32;0;0;0
5265;AUTO;1.55;0;0;0
5266;AUTO;3.37;0;0;0
5267;AUTO;5.54;0;0;0
5268;AUTO;4.16;0;0;0
5269;AUTO;11.75;0;0;0
5270;AUTO;3.93;0;0;0
5271;AUTO;2.05;0;0;0
5272;AUTO;1.6;0;0;0
5273;AUTO;1.04;0;0;0
5274;AUTO;1.16;0;0;0
5275;AUTO;1.02;0;0;0
5276;AUTO;1.42;0;0;0
5277;AUTO;1.33;0;0;0
5278;AUTO;1.89;0;0;0
5279;AUTO;2.61;0;0;0
5280;AUTO;13.85;0;0;0
5281;AUTO;2.28;0;0;0
5282;AUTO;1.15;0;0;0
5283;AUTO;3.44;0;0;0
5284;AUTO;1.04;0;0;0
5285;AUTO;5.41;0;0;0
5286;AUTO;1.62;0;0;0
5287;AUTO;9;0;0;0
5288;AUTO;10.71;0;0;0
5289;AUTO;12.75;0;0;0
5290;AUTO;1.14;0;0;0
5291;AUTO;1.36;0;0;0
5292;AUTO;3.17;0;0;0
5293;AUTO;1.63;0;0;0
5294;AUTO;1.15;0;0;0
5295;AUTO;1.09;0;0;0
5296;AUTO;2.58;0;0;0
5297;AUTO;1;0;0;0
5298;AUTO;1.76;0;0;0
5299;AUTO;1.86;0;0;0
5300;AUTO;1.42;0;0;0
5301;AUTO;2.66;0;0;0
5302;AUTO;1.56;0;0;0
5303;AUTO;3.85;0;0;0
5304;AUTO;1.48;0;0;0
5305;AUTO;1.12;0;0;0
5306;AUTO;1.26;0;0;0
5307;AUTO;1.03;0;0;0
5308;AUTO;7.53;0;0;0
5309;AUTO;7.89;0;0;0
5310;AUTO;4.36;0;0;0
5311;AUTO;1.49;0;0;0
5312;AUTO;2.29;0;0;0
5313;AUTO;3.09;0;0;0
5314;AUTO;1.73;0;0;0
5315;AUTO;18.18;0;0;0
5316;AUTO;2.39;0;0;0
5317;AUTO;28.31;0;0;0
5318;AUTO;1.08;0;0;0
5319;AUTO;1.34;0;0;0
5320;AUTO;8.02;0;0;0
5321;AUTO;1.73;0;0;0
5322;AUTO;1.69;0;0;0
5323;AUTO;3.2;0;0;0
5324;AUTO;4.39;0;0;0
5325;AUTO;1.41;0;0;0
5326;AUTO;4.8;0;0;0
5327;AUTO;18.82;0;0;0
5328;AUTO;1.3;0;0;0
5329;AUTO;118.37;0;0;0
5330;AUTO;2.49;0;0;0
5331;AUTO;1.9;0;0;0
5332;AUTO;1.34;0;0;0
5333;AUTO;1.56;0;0;0
5334;AUTO;1.04;0;0;0
5335;AUTO;1.21;0;0;0
5336;AUTO;6.41;0;0;0
5337;AUTO;1.59;0;0;0
5338;AUTO;1.05;0;0;0
5339;AUTO;1.28;0;0;0
5340;AUTO;10.19;0;0;0
5341;AUTO;1.39;0;0;0
5342;AUTO;2.61;0;0;0
5343;AUTO;3.49;0;0;0
5344;AUTO;33.83;0;0;0
5345;AUTO;17.09;0;0;0
5346;AUTO;2.03;0;0;0
5347;AUTO;1.96;0;0;0
5348;AUTO;2.48;0;0;0
5349;AUTO;2.08;0;0;0
5350;AUTO;147.16;0;0;0
5351;AUTO;4.63;0;0;0
5352;AUTO;1.34;0;0;0
5353;AUTO;9.1;0;0;0
5354;AUTO;3.91;0;0;0
5355;AUTO;9.09;0;0;0
5356;AUTO;1.55;0;0;0
5357;AUTO;1.15;0;0;0
5358;AUTO;5.13;0;0;0
5359;AUTO;19.79;0;0;0
5360;AUTO;1.13;0;0;0
5361;AUTO;13.39;0;0;0
5362;AUTO;9.37;0;0;0
5363;AUTO;1.35;0;0;0
5364;AUTO;6.09;0;0;0
5365;AUTO;1.06;0;0;0
5366;AUTO;17.35;0;0;0
5367;AUTO;1.29;0;0;0
5368;AUTO;8.73;0;0;0
5369;AUTO;1.05;0;0;0
5370;AUTO;1.87;0;0;0
5371;AUTO;13.77;0;0;0
5372;AUTO;11.68;0;0;0
5373;AUTO;39.52;0;0;0
5374;AUTO;5.44;0;0;0
5375;AUTO;220.48;0;0;0
5376;AUTO;1.97;0;0;0
5377;AUTO;1.28;0;0;0
5378;AUTO;2.02;0;0;0
5379;AUTO;2;0;0;0
5380;AUTO;60.29;0;0;0
5381;AUTO;3.07;0;0;0
5382;AUTO;1.05;0;0;0
5383;AUTO;49.99;0;0;0
5384;AUTO;1;0;0;0
5385;AUTO;1.79;0;0;0
5386;AUTO;1.73;0;0;0
5387;AUTO;2.01;0;0;0
5388;AUTO;8.07;0;0;0
5389;AUTO;1.82;0;0;0
5390;AUTO;2.09;0;0;0
5391;AUTO;4.99;0;0;0
5392;AUTO;6.39;0;0;0
5393;AUTO;1.5;0;0;0
5394;AUTO;4.09;0;0;0
5395;AUTO;2.66;0;0;0
5396;AUTO;1.08;0;0;0
5397;AUTO;6.17;0;0;0
5398;AUTO;1.24;0;0;0
5399;AUTO;1.1;0;0;0
5400;AUTO;1.17;0;0;0
5401;AUTO;1.19;0;0;0
5402;AUTO;1.48;0;0;0
5403;AUTO;2.33;0;0;0
5404;AUTO;1.21;0;0;0
5405;AUTO;2.26;0;0;0
5406;AUTO;1.18;0;0;0
5407;AUTO;2.08;0;0;0
5408;AUTO;2.09;0;0;0
5409;AUTO;1.2;0;0;0
5410;AUTO;16.67;0;0;0
5411;AUTO;1.54;0;0;0
5412;AUTO;2.85;0;0;0
5413;AUTO;4.36;0;0;0
5414;AUTO;2.54;0;0;0
5415;AUTO;1.01;0;0;0
5416;AUTO;1.56;0;0;0
5417;AUTO;4.65;0;0;0
5418;AUTO;2.09;0;0;0
5419;AUTO;4.48;0;0;0
5420;AUTO;1.18;0;0;0
5421;AUTO;3.8;0;0;0
5422;AUTO;1;0;0;0
5423;AUTO;1;0;0;0
5424;AUTO;2.75;0;0;0
5425;AUTO;3.69;0;0;0
5426;AUTO;1.81;0;0;0
5427;AUTO;1.22;0;0;0
5428;AUTO;1.51;0;0;0
5429;AUTO;1.78;0;0;0
5430;AUTO;1;0;0;0
5431;AUTO;3.07;0;0;0
5432;AUTO;2.79;0;0;0
5433;AUTO;1.48;0;0;0
5434;AUTO;1.28;0;0;0
5435;AUTO;1.61;0;0;0
5436;AUTO;1.42;0;0;0
5437;AUTO;6.53;0;0;0
5438;AUTO;1.75;0;0;0
5439;AUTO;3.03;0;0;0
5440;AUTO;3.22;0;0;0
5441;AUTO;1.05;0;0;0
5442;AUTO;1.45;0;0;0
5443;AUTO;1.37;0;0;0
5444;AUTO;1.6;0;0;0
5445;AUTO;1.56;0;0;0
5446;AUTO;1.35;0;0;0
5447;AUTO;2.17;0;0;0
5448;AUTO;3.06;0;0;0
5449;AUTO;9.14;0;0;0
5450;AUTO;2.11;0;0;0
5451;AUTO;1.45;0;0;0
5452;AUTO;3.07;0;0;0
5453;AUTO;1.21;0;0;0
5454;AUTO;1.16;0;0;0
5455;AUTO;2.34;0;0;0
5456;AUTO;1.31;0;0;0
5457;AUTO;1.97;0;0;0
5458;AUTO;1.87;0;0;0
5459;AUTO;10.14;0;0;0
5460;AUTO;1.03;0;0;0
5461;AUTO;4.79;0;0;0
5462;AUTO;6.76;0;0;0
5463;AUTO;1.2;0;0;0
5464;AUTO;1.01;0;0;0
5465;AUTO;1.02;0;0;0
5466;AUTO;1.02;0;0;0
5467;AUTO;10.41;0;0;0
5468;AUTO;1.16;0;0;0
5469;AUTO;2.69;0;0;0
5470;AUTO;4.32;0;0;0
5471;AUTO;1.16;0;0;0
5472;AUTO;1.04;0;0;0
5473;AUTO;1.57;0;0;0
5474;AUTO;1.91;0;0;0
5475;AUTO;1.51;0;0;0
5476;AUTO;1.38;0;0;0
5477;AUTO;2.1;0;0;0
5478;AUTO;1.15;0;0;0
5479;AUTO;1;0;0;0
5480;AUTO;1.06;0;0;0
5481;AUTO;16.45;0;0;0
5482;AUTO;1;0;0;0
5483;AUTO;1;0;0;0
5484;AUTO;1.22;0;0;0
5485;AUTO;3.1;0;0;0
5486;AUTO;1.13;0;0;0
5487;AUTO;1.37;0;0;0
5488;AUTO;7.49;0;0;0
5489;AUTO;1.81;0;0;0
5490;AUTO;1.06;0;0;0
5491;AUTO;2.67;0;0;0
5492;AUTO;1.3;0;0;0
5493;AUTO;1.65;0;0;0
5494;AUTO;3.27;0;0;0
5495;AUTO;1.06;0;0;0
5496;AUTO;1.55;0;0;0
5497;AUTO;3.5;0;0;0
5498;AUTO;1.51;0;0;0
5499;AUTO;1.39;0;0;0
5500;AUTO;1.43;0;0;0
5501;AUTO;2.64;0;0;0
5502;AUTO;6.13;0;0;0
5503;AUTO;2.73;0;0;0
5504;AUTO;1.15;0;0;0
5505;AUTO;1.6;0;0;0
5506;AUTO;22.07;0;0;0
5507;AUTO;12.86;0;0;0
5508;AUTO;1.83;0;0;0
5509;AUTO;14.66;0;0;0
5510;AUTO;1.61;0;0;0
5511;AUTO;1.46;0;0;0
5512;AUTO;2.93;0;0;0
5513;AUTO;1.24;0;0;0
5514;AUTO;1.33;0;0;0
5515;AUTO;5.16;0;0;0
5516;AUTO;1.21;0;0;0
5517;AUTO;1.5;0;0;0
5518;AUTO;2.38;0;0;0
5519;AUTO;2.08;0;0;0
5520;AUTO;1.91;0;0;0
5521;AUTO;2.77;0;0;0
5522;AUTO;1.01;0;0;0
5523;AUTO;2.97;0;0;0
5524;AUTO;1.11;0;0;0
5525;AUTO;1.05;0;0;0
5526;AUTO;31.94;0;0;0
5527;AUTO;1.15;0;0;0
5528;AUTO;1.2;0;0;0
5529;AUTO;1;0;0;0
5530;AUTO;13.47;0;0;0
5531;AUTO;2.19;0;0;0
5532;AUTO;1.64;0;0;0
5533;AUTO;1.05;0;0;0
5534;AUTO;1.88;0;0;0
5535;AUTO;3.52;0;0;0
5536;AUTO;5.87;0;0;0
5537;AUTO;1.97;0;0;0
5538;AUTO;2.38;0;0;0
5539;AUTO;8.48;0;0;0
5540;AUTO;1.46;0;0;0
5541;AUTO;1.76;0;0;0
5542;AUTO;1.27;0;0;0
5543;AUTO;2.72;0;0;0
5544;AUTO;12.42;0;0;0
5545;AUTO;1.63;0;0;0
5546;AUTO;19.93;0;0;0
5547;AUTO;3.19;0;0;0
5548;AUTO;1.2;0;0;0
5549;AUTO;1.3;0;0;0
5550;AUTO;4.81;0;0;0
5551;AUTO;3.23;0;0;0
5552;AUTO;1.21;0;0;0
5553;AUTO;1.04;0;0;0
5554;AUTO;1.13;0;0;0
5555;AUTO;1.69;0;0;0
5556;AUTO;3.33;0;0;0
5557;AUTO;1;0;0;0
5558;AUTO;41.92;0;0;0
5559;AUTO;1.86;0;0;0
5560;AUTO;3.92;0;0;0
5561;AUTO;1.21;0;0;0
5562;AUTO;16.77;0;0;0
5563;AUTO;1.1;0;0;0
5564;AUTO;1.32;0;0;0
5565;AUTO;30.7;0;0;0
5566;AUTO;1.27;0;0;0
5567;AUTO;12.84;0;0;0
5568;AUTO;5.43;0;0;0
5569;AUTO;1.83;0;0;0
5570;AUTO;1;0;0;0
5571;AUTO;1.45;0;0;0
5572;AUTO;2.09;0;0;0
5573;AUTO;6.05;0;0;0
5574;AUTO;1.15;0;0;0
5575;AUTO;2.09;0;0;0
5576;AUTO;1.86;0;0;0
5577;AUTO;1.3;0;0;0
5578;AUTO;1.28;0;0;0
5579;AUTO;44.17;0;0;0
5580;AUTO;21.36;0;0;0
5581;AUTO;2.47;0;0;0
5582;AUTO;20.04;0;0;0
5583;AUTO;1.93;0;0;0
5584;AUTO;2.55;0;0;0
5585;AUTO;1.04;0;0;0
5586;AUTO;2.04;0;0;0
5587;AUTO;174.13;0;0;0
5588;AUTO;1.17;0;0;0
5589;AUTO;2.24;0;0;0
5590;AUTO;1.29;0;0;0
5591;AUTO;3.53;0;0;0
5592;AUTO;1.27;0;0;0
5593;AUTO;33.88;0;0;0
5594;AUTO;1;0;0;0
5595;AUTO;2.78;0;0;0
5596;AUTO;1.1;0;0;0
5597;AUTO;3.24;0;0;0
5598;AUTO;3.22;0;0;0
5599;AUTO;1.15;0;0;0
5600;AUTO;1.4;0;0;0
5601;AUTO;7.74;0;0;0
5602;AUTO;2.06;0;0;0
5603;AUTO;1.62;0;0;0
5604;AUTO;16.23;0;0;0
5605;AUTO;1.39;0;0;0
5606;AUTO;2.11;0;0;0
5607;AUTO;1.83;0;0;0
5608;AUTO;1;0;0;0
5609;AUTO;1;0;0;0
5610;AUTO;7.21;0;0;0
5611;AUTO;1.64;0;0;0
5612;AUTO;1.28;0;0;0
5613;AUTO;2.39;0;0;0
5614;AUTO;8.3;0;0;0
5615;AUTO;2.95;0;0;0
5616;AUTO;1.46;0;0;0
5617;AUTO;1.18;0;0;0
5618;AUTO;3.14;0;0;0
5619;AUTO;1.23;0;0;0
5620;AUTO;2.47;0;0;0
5621;AUTO;1.79;0;0;0
5622;AUTO;18.64;0;0;0
5623;AUTO;2.85;0;0;0
5624;AUTO;1.94;0;0;0
5625;AUTO;5.22;0;0;0
5626;AUTO;4.09;0;0;0
5627;AUTO;1.17;0;0;0
5628;AUTO;1.54;0;0;0
5629;AUTO;1.24;0;0;0
5630;AUTO;5.28;0;0;0
5631;AUTO;7.8;0;0;0
5632;AUTO;1;0;0;0
5633;AUTO;6.7;0;0;0
5634;AUTO;3.67;0;0;0
5635;AUTO;9.94;0;0;0
5636;AUTO;1.86;0;0;0
5637;AUTO;1.8;0;0;0
5638;AUTO;8.63;0;0;0
5639;AUTO;1.49;0;0;0
5640;AUTO;1.23;0;0;0
5641;AUTO;1.27;0;0;0
5642;AUTO;1.52;0;0;0
5643;AUTO;1.28;0;0;0
5644;AUTO;1.01;0;0;0
5645;AUTO;3.54;0;0;0
5646;AUTO;1;0;0;0
5647;AUTO;2.72;0;0;0
5648;AUTO;2.25;0;0;0
5649;AUTO;2.06;0;0;0
5650;AUTO;10.91;0;0;0
5651;AUTO;1.68;0;0;0
5652;AUTO;1.99;0;0;0
5653;AUTO;1.15;0;0;0
5654;AUTO;3.99;0;0;0
5655;AUTO;1.47;0;0;0
5656;AUTO;1.52;0;0;0
5657;AUTO;1.54;0;0;0
5658;AUTO;3.26;0;0;0
5659;AUTO;2.13;0;0;0
5660;AUTO;1.03;0;0;0
5661;AUTO;1.12;0;0;0
5662;AUTO;85.27;0;0;0
5663;AUTO;1.8;0;0;0
5664;AUTO;1.45;0;0;0
5665;AUTO;1;0;0;0
5666;AUTO;1.06;0;0;0
5667;AUTO;10.95;0;0;0
5668;AUTO;2.85;0;0;0
5669;AUTO;1.17;0;0;0
5670;AUTO;1.15;0;0;0
5671;AUTO;1.29;0;0;0
5672;AUTO;3.66;0;0;0
5673;AUTO;1.28;0;0;0
5674;AUTO;6.61;0;0;0
5675;AUTO;1.49;0;0;0
5676;AUTO;1.12;0;0;0
5677;AUTO;1.13;0;0;0
5678;AUTO;1.04;0;0;0
5679;AUTO;1.3;0;0;0
5680;AUTO;4.76;0;0;0
5681;AUTO;4.81;0;0;0
5682;AUTO;12.54;0;0;0
5683;AUTO;27.27;0;0;0
5684;AUTO;1.08;0;0;0
5685;AUTO;1.04;0;0;0
5686;AUTO;5.92;0;0;0
5687;AUTO;3.89;0;0;0
5688;AUTO;1.68;0;0;0
5689;AUTO;1.54;0;0;0
5690;AUTO;2.91;0;0;0
5691;AUTO;1.05;0;0;0
5692;AUTO;31.05;0;0;0
5693;AUTO;1.05;0;0;0
5694;AUTO;65.3;0;0;0
5695;AUTO;244.69;0;0;0
5696;AUTO;1;0;0;0
5697;AUTO;1.36;0;0;0
5698;AUTO;20.17;0;0;0
5699;AUTO;1.68;0;0;0
5700;AUTO;1.15;0;0;0
5701;AUTO;1.58;0;0;0
5702;AUTO;1.04;0;0;0
5703;AUTO;3.05;0;0;0
5704;AUTO;1.6;0;0;0
5705;AUTO;1.1;0;0;0
5706;AUTO;1.09;0;0;0
5707;AUTO;1.5;0;0;0
5708;AUTO;4.11;0;0;0
5709;AUTO;3.12;0;0;0
5710;AUTO;25.61;0;0;0
5711;AUTO;15.81;0;0;0
5712;AUTO;5.62;0;0;0
5713;AUTO;1.09;0;0;0
5714;AUTO;2.07;0;0;0
5715;AUTO;1.24;0;0;0
5716;AUTO;1.07;0;0;0
5717;AUTO;3.65;0;0;0
5718;AUTO;1.12;0;0;0
5719;AUTO;1.01;0;0;0
5720;AUTO;5.94;0;0;0
5721;AUTO;2.9;0;0;0
5722;AUTO;1.02;0;0;0
5723;AUTO;1.29;0;0;0
5724;AUTO;1.98;0;0;0
5725;AUTO;2.41;0;0;0
5726;AUTO;59.34;0;0;0
5727;AUTO;1.49;0;0;0
5728;AUTO;2.4;0;0;0
5729;AUTO;15.88;0;0;0
5730;AUTO;1.61;0;0;0
5731;AUTO;2.15;0;0;0
5732;AUTO;1.21;0;0;0
5733;AUTO;1.64;0;0;0
5734;AUTO;2.12;0;0;0
5735;AUTO;2.42;0;0;0
5736;AUTO;1.97;0;0;0
5737;AUTO;1.04;0;0;0
5738;AUTO;4.02;0;0;0
5739;AUTO;2.84;0;0;0
5740;AUTO;1.1;0;0;0
5741;AUTO;1.62;0;0;0
5742;AUTO;3.94;0;0;0
5743;AUTO;55.63;0;0;0
5744;AUTO;1.56;0;0;0
5745;AUTO;1.13;0;0;0
5746;AUTO;1.81;0;0;0
5747;AUTO;1.7;0;0;0
5748;AUTO;1.08;0;0;0
5749;AUTO;9.42;0;0;0
5750;AUTO;1.08;0;0;0
5751;AUTO;3.42;0;0;0
5752;AUTO;2.61;0;0;0
5753;AUTO;1.64;0;0;0
5754;AUTO;16.15;0;0;0
5755;AUTO;3.4;0;0;0
5756;AUTO;3.69;0;0;0
5757;AUTO;14.2;0;0;0
5758;AUTO;1.8;0;0;0
5759;AUTO;1.7;0;0;0
5760;AUTO;16.85;0;0;0
5761;AUTO;1.76;0;0;0
5762;AUTO;1.2;0;0;0
5763;AUTO;1.1;0;0;0
5764;AUTO;1.66;0;0;0
5765;AUTO;1.68;0;0;0
5766;AUTO;5.44;0;0;0
5767;AUTO;1.07;0;0;0
5768;AUTO;1.31;0;0;0
5769;AUTO;3.31;0;0;0
5770;AUTO;1.05;0;0;0
5771;AUTO;54.23;0;0;0
5772;AUTO;1.42;0;0;0
5773;AUTO;1.03;0;0;0
5774;AUTO;1.49;0;0;0
5775;AUTO;1.31;0;0;0
5776;AUTO;1;0;0;0
5777;AUTO;1.2;0;0;0
5778;AUTO;1.04;0;0;0
5779;AUTO;1;0;0;0
5780;AUTO;5.88;0;0;0
5781;AUTO;2.45;0;0;0
5782;AUTO;4.64;0;0;0
5783;AUTO;1.02;0;0;0
5784;AUTO;2.03;0;0;0
5785;AUTO;2.78;0;0;0
5786;AUTO;21.6;0;0;0
5787;AUTO;1.02;0;0;0
5788;AUTO;1.25;0;0;0
5789;AUTO;2.63;0;0;0
5790;AUTO;5.82;0;0;0
5791;AUTO;2.37;0;0;0
5792;AUTO;4.2;0;0;0
5793;AUTO;1.1;0;0;0
5794;AUTO;6.22;0;0;0
5795;AUTO;1.34;0;0;0
5796;AUTO;2.01;0;0;0
5797;AUTO;3.85;0;0;0
5798;AUTO;2.96;0;0;0
5799;AUTO;20.55;0;0;0
5800;AUTO;1.15;0;0;0
5801;AUTO;8.75;0;0;0
5802;AUTO;1.18;0;0;0
5803;AUTO;2.1;0;0;0
5804;AUTO;1.1;0;0;0
5805;AUTO;1.15;0;0;0
5806;AUTO;1.73;0;0;0
5807;AUTO;1;0;0;0
5808;AUTO;39.97;0;0;0
5809;AUTO;1.1;0;0;0
5810;AUTO;1.28;0;0;0
5811;AUTO;1.55;0;0;0
5812;AUTO;1.58;0;0;0
5813;AUTO;9.22;0;0;0
5814;AUTO;2.63;0;0;0
5815;AUTO;1.39;0;0;0
5816;AUTO;1.81;0;0;0
5817;AUTO;2.08;0;0;0
5818;AUTO;6.02;0;0;0
5819;AUTO;2.46;0;0;0
5820;AUTO;4.4;0;0;0
5821;AUTO;1.28;0;0;0
5822;AUTO;2.06;0;0;0
5823;AUTO;1.07;0;0;0
5824;AUTO;2.73;0;0;0
5825;AUTO;3.65;0;0;0
5826;AUTO;239.38;0;0;0
5827;AUTO;6.03;0;0;0
5828;AUTO;3.53;0;0;0
5829;AUTO;2.5;0;0;0
5830;AUTO;2.4;0;0;0
5831;AUTO;1.24;0;0;0
5832;AUTO;5.68;0;0;0
5833;AUTO;4.28;0;0;0
5834;AUTO;7.28;0;0;0
5835;AUTO;3.08;0;0;0
5836;AUTO;3.8;0;0;0
5837;AUTO;1.1;0;0;0
5838;AUTO;2.03;0;0;0
5839;AUTO;1.12;0;0;0
5840;AUTO;2.42;0;0;0
5841;AUTO;1.85;0;0;0
5842;AUTO;10.35;0;0;0
5843;AUTO;1;0;0;0
5844;AUTO;1.53;0;0;0
5845;AUTO;6.43;0;0;0
5846;AUTO;2.25;0;0;0
5847;AUTO;1.83;0;0;0
5848;AUTO;9.39;0;0;0
5849;AUTO;1;0;0;0
5850;AUTO;72.21;0;0;0
5851;AUTO;1.01;0;0;0
5852;AUTO;6.64;0;0;0
5853;AUTO;13.91;0;0;0
5854;AUTO;1.35;0;0;0
5855;AUTO;2.05;0;0;0
5856;AUTO;1.97;0;0;0
5857;AUTO;7.43;0;0;0
5858;AUTO;4.67;0;0;0
5859;AUTO;1.93;0;0;0
5860;AUTO;2.16;0;0;0
5861;AUTO;2.81;0;0;0
5862;AUTO;4.37;0;0;0
5863;AUTO;2.24;0;0;0
5864;AUTO;3.95;0;0;0
5865;AUTO;2.91;0;0;0
5866;AUTO;1.57;0;0;0
5867;AUTO;5.17;0;0;0
5868;AUTO;1.67;0;0;0
5869;AUTO;2.46;0;0;0
5870;AUTO;1.59;0;0;0
5871;AUTO;1.51;0;0;0
5872;AUTO;3.43;0;0;0
5873;AUTO;1.34;0;0;0
5874;AUTO;1;0;0;0
5875;AUTO;1.08;0;0;0
5876;AUTO;21.63;0;0;0
5877;AUTO;2.1;0;0;0
5878;AUTO;1.38;0;0;0
5879;AUTO;62;0;0;0
5880;AUTO;1.34;0;0;0
5881;AUTO;3.67;0;0;0
5882;AUTO;1.08;0;0;0
5883;AUTO;1.23;0;0;0
5884;AUTO;1.31;0;0;0
5885;AUTO;6.07;0;0;0
5886;AUTO;2.92;0;0;0
5887;AUTO;1.43;0;0;0
5888;AUTO;13.44;0;0;0
5889;AUTO;1.48;0;0;0
5890;AUTO;1.19;0;0;0
5891;AUTO;1.04;0;0;0
5892;AUTO;1.84;0;0;0
5893;AUTO;7.91;0;0;0
5894;AUTO;2.36;0;0;0
5895;AUTO;1.78;0;0;0
5896;AUTO;2.6;0;0;0
5897;AUTO;1.83;0;0;0
5898;AUTO;30.14;0;0;0
5899;AUTO;4.18;0;0;0
5900;AUTO;4.18;0;0;0
5901;AUTO;2.04;0;0;0
5902;AUTO;2.15;0;0;0
5903;AUTO;6.7;0;0;0
5904;AUTO;3.91;0;0;0
5905;AUTO;2.87;0;0;0
5906;AUTO;2.68;0;0;0
5907;AUTO;2.34;0;0;0
5908;AUTO;3.4;0;0;0
5909;AUTO;493.72;0;0;0
5910;AUTO;2.63;0;0;0
5911;AUTO;2.02;0;0;0
5912;AUTO;1.1;0;0;0
5913;AUTO;9.26;0;0;0
5914;AUTO;1.95;0;0;0
5915;AUTO;5.87;0;0;0
5916;AUTO;2.06;0;0;0
5917;AUTO;2.1;0;0;0
5918;AUTO;4.74;0;0;0
5919;AUTO;1;0;0;0
5920;AUTO;1.25;0;0;0
5921;AUTO;2.81;0;0;0
5922;AUTO;1.15;0;0;0
5923;AUTO;1.16;0;0;0
5924;AUTO;3.06;0;0;0
5925;AUTO;1.65;0;0;0
5926;AUTO;2.5;0;0;0
5927;AUTO;1.32;0;0;0
5928;AUTO;13.29;0;0;0
5929;AUTO;1.44;0;0;0
5930;AUTO;1.75;0;0;0
5931;AUTO;1.36;0;0;0
5932;AUTO;1.61;0;0;0
5933;AUTO;1.07;0;0;0
5934;AUTO;4.35;0;0;0
5935;AUTO;1.38;0;0;0
5936;AUTO;1.46;0;0;0
5937;AUTO;1;0;0;0
5938;AUTO;3.68;0;0;0
5939;AUTO;1.66;0;0;0
5940;AUTO;1.11;0;0;0
5941;AUTO;1.69;0;0;0
5942;AUTO;1.78;0;0;0
5943;AUTO;2.5;0;0;0
5944;AUTO;1.6;0;0;0
5945;AUTO;1.68;0;0;0
5946;AUTO;2.82;0;0;0
5947;AUTO;1.48;0;0;0
5948;AUTO;10.22;0;0;0
5949;AUTO;2.58;0;0;0
5950;AUTO;1.15;0;0;0
5951;AUTO;111.85;0;0;0
5952;AUTO;2.36;0;0;0
5953;AUTO;2.55;0;0;0
5954;AUTO;189.12;0;0;0
5955;AUTO;24.09;0;0;0
5956;AUTO;22.41;0;0;0
5957;AUTO;13.96;0;0;0
5958;AUTO;1.25;0;0;0
5959;AUTO;1.43;0;0;0
5960;AUTO;2.79;0;0;0
5961;AUTO;1.34;0;0;0
5962;AUTO;77.64;0;0;0
5963;AUTO;1;0;0;0
5964;AUTO;1;0;0;0
5965;AUTO;2.79;0;0;0
5966;AUTO;1.53;0;0;0
5967;AUTO;1.9;0;0;0
5968;AUTO;8.76;0;0;0
5969;AUTO;1.96;0;0;0
5970;AUTO;2.88;0;0;0
5971;AUTO;1.78;0;0;0
5972;AUTO;8.98;0;0;0
5973;AUTO;84.65;0;0;0
5974;AUTO;1;0;0;0
5975;AUTO;1;0;0;0
5976;AUTO;18.2;0;0;0
5977;AUTO;1.57;0;0;0
5978;AUTO;3.27;0;0;0
5979;AUTO;1.64;0;0;0
5980;AUTO;2.31;0;0;0
5981;AUTO;1.13;0;0;0
5982;AUTO;2.23;0;0;0
5983;AUTO;1.09;0;0;0
5984;AUTO;22.13;0;0;0
5985;AUTO;1.62;0;0;0
5986;AUTO;1.89;0;0;0
5987;AUTO;1;0;0;0
5988;AUTO;1.17;0;0;0
5989;AUTO;7.18;0;0;0
5990;AUTO;2.82;0;0;0
5991;AUTO;2.18;0;0;0
5992;AUTO;1.3;0;0;0
5993;AUTO;1.06;0;0;0
5994;AUTO;41.99;0;0;0
5995;AUTO;3.58;0;0;0
5996;AUTO;2.9;0;0;0
5997;AUTO;1.47;0;0;0
5998;AUTO;1.02;0;0;0
5999;AUTO;3.05;0;0;0
6000;AUTO;1.02;0;0;0
6001;AUTO;3.68;0;0;0
6002;AUTO;1.39;0;0;0
6003;AUTO;1.15;0;0;0
6004;AUTO;1.68;0;0;0
6005;AUTO;1.19;0;0;0
6006;AUTO;1.67;0;0;0
6007;AUTO;1.57;0;0;0
6008;AUTO;8.41;0;0;0
6009;AUTO;4.23;0;0;0
6010;AUTO;11.95;0;0;0
6011;AUTO;8;0;0;0
6012;AUTO;1.52;0;0;0
6013;AUTO;3.47;0;0;0
6014;AUTO;1.64;0;0;0
6015;AUTO;1.46;0;0;0
6016;AUTO;1.58;0;0;0
6017;AUTO;1.38;0;0;0
6018;AUTO;8.01;0;0;0
6019;AUTO;1.3;0;0;0
6020;AUTO;7.45;0;0;0
6021;AUTO;1.03;0;0;0
6022;AUTO;14.58;0;0;0
6023;AUTO;3.63;0;0;0
6024;AUTO;1.26;0;0;0
6025;AUTO;1.12;0;0;0
6026;AUTO;2.98;0;0;0
6027;AUTO;1.95;0;0;0
6028;AUTO;3.51;0;0;0
6029;AUTO;1.81;0;0;0
6030;AUTO;1.13;0;0;0
6031;AUTO;3.94;0;0;0
6032;AUTO;1.44;0;0;0
6033;AUTO;1.35;0;0;0
6034;AUTO;1.84;0;0;0
6035;AUTO;2.38;0;0;0
6036;AUTO;5.42;0;0;0
6037;AUTO;1.27;0;0;0
6038;AUTO;4.17;0;0;0
6039;AUTO;2.35;0;0;0
6040;AUTO;1.52;0;0;0
6041;AUTO;1;0;0;0
6042;AUTO;35.61;0;0;0
6043;AUTO;1;0;0;0
6044;AUTO;1.17;0;0;0
6045;AUTO;209.7;0;0;0
6046;AUTO;5.13;0;0;0
6047;AUTO;2.57;0;0;0
6048;AUTO;1.77;0;0;0
6049;AUTO;2.7;0;0;0
6050;AUTO;1.17;0;0;0
6051;AUTO;18.06;0;0;0
6052;AUTO;1.28;0;0;0
6053;AUTO;26.65;0;0;0
6054;AUTO;1.32;0;0;0
6055;AUTO;17.48;0;0;0
6056;AUTO;1.65;0;0;0
6057;AUTO;2.07;0;0;0
6058;AUTO;6.27;0;0;0
6059;AUTO;1.82;0;0;0
6060;AUTO;2.26;0;0;0
6061;AUTO;6.09;0;0;0
6062;AUTO;1.33;0;0;0
6063;AUTO;1.84;0;0;0
6064;AUTO;1.1;0;0;0
6065;AUTO;1.15;0;0;0
6066;AUTO;1.6;0;0;0
6067;AUTO;3.4;0;0;0
6068;AUTO;1.55;0;0;0
6069;AUTO;1.07;0;0;0
6070;AUTO;2.61;0;0;0
6071;AUTO;2.79;0;0;0
6072;AUTO;4.97;0;0;0
6073;AUTO;1.25;0;0;0
6074;AUTO;2.18;0;0;0
6075;AUTO;1.01;0;0;0
6076;AUTO;1.27;0;0;0
6077;AUTO;1.07;0;0;0
6078;AUTO;1.27;0;0;0
6079;AUTO;1.89;0;0;0
6080;AUTO;1.01;0;0;0
6081;AUTO;19.24;0;0;0
6082;AUTO;4.64;0;0;0
6083;AUTO;1.18;0;0;0
6084;AUTO;2.08;0;0;0
6085;AUTO;1.1;0;0;0
6086;AUTO;1.68;0;0;0
6087;AUTO;49.19;0;0;0
6088;AUTO;1.76;0;0;0
6089;AUTO;2.96;0;0;0
6090;AUTO;2.25;0;0;0
6091;AUTO;1.82;0;0;0
6092;AUTO;1.16;0;0;0
6093;AUTO;1.77;0;0;0
6094;AUTO;1.9;0;0;0
6095;AUTO;2.3;0;0;0
6096;AUTO;1.07;0;0;0
6097;AUTO;2.93;0;0;0
6098;AUTO;2.12;0;0;0
6099;AUTO;1.19;0;0;0
6100;AUTO;1.46;0;0;0
6101;AUTO;1.22;0;0;0
6102;AUTO;5.38;0;0;0
6103;AUTO;1.05;0;0;0
6104;AUTO;2.36;0;0;0
6105;AUTO;2.14;0;0;0
6106;AUTO;1;0;0;0
6107;AUTO;1.32;0;0;0
6108;AUTO;4.23;0;0;0
6109;AUTO;1.63;0;0;0
6110;AUTO;25;0;0;0
6111;AUTO;2.04;0;0;0
6112;AUTO;2.31;0;0;0
6113;AUTO;2.6;0;0;0
6114;AUTO;1.13;0;0;0
6115;AUTO;1.2;0;0;0
6116;AUTO;1.59;0;0;0
6117;AUTO;1.62;0;0;0
6118;AUTO;2.26;0;0;0
6119;AUTO;2.4;0;0;0
6120;AUTO;1.77;0;0;0
6121;AUTO;2.96;0;0;0
6122;AUTO;1.1;0;0;0
6123;AUTO;2.2;0;0;0
6124;AUTO;1.41;0;0;0
6125;AUTO;22.84;0;0;0
6126;AUTO;1.12;0;0;0
6127;AUTO;1.36;0;0;0
6128;AUTO;6.33;0;0;0
6129;AUTO;28.5;0;0;0
6130;AUTO;1.45;0;0;0
6131;AUTO;1.84;0;0;0
6132;AUTO;2;0;0;0
6133;AUTO;3.18;0;0;0
6134;AUTO;1.21;0;0;0
6135;AUTO;2.67;0;0;0
6136;AUTO;2.18;0;0;0
6137;AUTO;1.91;0;0;0
6138;AUTO;1.92;0;0;0
6139;AUTO;1.54;0;0;0
6140;AUTO;4.2;0;0;0
6141;AUTO;2.15;0;0;0
6142;AUTO;2.98;0;0;0
6143;AUTO;1.13;0;0;0
6144;AUTO;1.77;0;0;0
6145;AUTO;1;0;0;0
6146;AUTO;1.24;0;0;0
6147;AUTO;62.14;0;0;0
6148;AUTO;2.89;0;0;0
6149;AUTO;4.06;0;0;0
6150;AUTO;2.91;0;0;0
6151;AUTO;2.35;0;0;0
6152;AUTO;2.09;0;0;0
6153;AUTO;1.85;0;0;0
6154;AUTO;1.21;0;0;0
6155;AUTO;6.71;0;0;0
6156;AUTO;1.06;0;0;0
6157;AUTO;1.55;0;0;0
6158;AUTO;1.67;0;0;0
6159;AUTO;2.46;0;0;0
6160;AUTO;2.31;0;0;0
6161;AUTO;2.29;0;0;0
6162;AUTO;1.46;0;0;0
6163;AUTO;2.03;0;0;0
6164;AUTO;1.29;0;0;0
6165;AUTO;1.31;0;0;0
6166;AUTO;1.2;0;0;0
6167;AUTO;1;0;0;0
6168;AUTO;1.47;0;0;0
6169;AUTO;83.2;0;0;0
6170;AUTO;1.48;0;0;0
6171;AUTO;21.15;0;0;0
6172;AUTO;1.48;0;0;0
6173;AUTO;1.67;0;0;0
6174;AUTO;1.21;0;0;0
6175;AUTO;4.62;0;0;0
6176;AUTO;1.14;0;0;0
6177;AUTO;1;0;0;0
6178;AUTO;7.93;0;0;0
6179;AUTO;1.77;0;0;0
6180;AUTO;35.63;0;0;0
6181;AUTO;4.42;0;0;0
6182;AUTO;11.35;0;0;0
6183;AUTO;1.76;0;0;0
6184;AUTO;32.61;0;0;0
6185;AUTO;3.18;0;0;0
6186;AUTO;1.98;0;0;0
6187;AUTO;4.73;0;0;0
6188;AUTO;2.65;0;0;0
6189;AUTO;1.16;0;0;0
6190;AUTO;1.2;0;0;0
6191;AUTO;1.16;0;0;0
6192;AUTO;1.2;0;0;0
6193;AUTO;1.16;0;0;0
6194;AUTO;10.39;0;0;0
6195;AUTO;5.17;0;0;0
6196;AUTO;13.14;0;0;0
6197;AUTO;1.25;0;0;0
6198;AUTO;1.3;0;0;0
6199;AUTO;1.18;0;0;0
6200;AUTO;2.27;0;0;0
6201;AUTO;1.78;0;0;0
6202;AUTO;1.79;0;0;0
6203;AUTO;119.21;0;0;0
6204;AUTO;1.69;0;0;0
6205;AUTO;4.07;0;0;0
6206;AUTO;1;0;0;0
6207;AUTO;5.67;0;0;0
6208;AUTO;6.93;0;0;0
6209;AUTO;6.34;0;0;0
6210;AUTO;2.6;0;0;0
6211;AUTO;3.59;0;0;0
6212;AUTO;2.17;0;0;0
6213;AUTO;2.03;0;0;0
6214;AUTO;6.05;0;0;0
6215;AUTO;3.64;0;0;0
6216;AUTO;1.09;0;0;0
6217;AUTO;1.37;0;0;0
6218;AUTO;4.74;0;0;0
6219;AUTO;1.77;0;0;0
6220;AUTO;1.33;0;0;0
6221;AUTO;10;0;0;0
6222;AUTO;1.09;0;0;0
6223;AUTO;1.23;0;0;0
6224;AUTO;2.09;0;0;0
6225;AUTO;3.76;0;0;0
6226;AUTO;3.65;0;0;0
6227;AUTO;2.06;0;0;0
6228;AUTO;2.02;0;0;0
6229;AUTO;2.16;0;0;0
6230;AUTO;1.88;0;0;0
6231;AUTO;2.08;0;0;0
6232;AUTO;1;0;0;0
6233;AUTO;2.65;0;0;0
6234;AUTO;1.58;0;0;0
6235;AUTO;1.35;0;0;0
6236;AUTO;1.11;0;0;0
6237;AUTO;1.68;0;0;0
6238;AUTO;3.88;0;0;0
6239;AUTO;2.11;0;0;0
6240;AUTO;7.07;0;0;0
6241;AUTO;8.52;0;0;0
6242;AUTO;2.68;0;0;0
6243;AUTO;76;0;0;0
6244;AUTO;1.09;0;0;0
6245;AUTO;6.21;0;0;0
6246;AUTO;16.52;0;0;0
6247;AUTO;2.97;0;0;0
6248;AUTO;8.48;0;0;0
6249;AUTO;1;0;0;0
6250;AUTO;1.42;0;0;0
6251;AUTO;12.59;0;0;0
6252;AUTO;1.39;0;0;0
6253;AUTO;1.95;0;0;0
6254;AUTO;1.15;0;0;0
6255;AUTO;1.03;0;0;0
6256;AUTO;1.88;0;0;0
6257;AUTO;6.59;0;0;0
6258;AUTO;3.76;0;0;0
6259;AUTO;1.53;0;0;0
6260;AUTO;2.01;0;0;0
6261;AUTO;2.39;0;0;0
6262;AUTO;1.47;0;0;0
6263;AUTO;3.31;0;0;0
6264;AUTO;1.78;0;0;0
6265;AUTO;1.25;0;0;0
6266;AUTO;1.07;0;0;0
6267;AUTO;10.95;0;0;0
6268;AUTO;8.8;0;0;0
6269;AUTO;2;0;0;0
6270;AUTO;6.17;0;0;0
6271;AUTO;1.03;0;0;0
6272;AUTO;1.78;0;0;0
6273;AUTO;1.29;0;0;0
6274;AUTO;3.36;0;0;0
6275;AUTO;1.09;0;0;0
6276;AUTO;12.49;0;0;0
6277;AUTO;11.72;0;0;0
6278;AUTO;5.09;0;0;0
6279;AUTO;2.68;0;0;0
6280;AUTO;2.5;0;0;0
6281;AUTO;5.76;0;0;0
6282;AUTO;1.66;0;0;0
6283;AUTO;1;0;0;0
6284;AUTO;8.57;0;0;0
6285;AUTO;1.94;0;0;0
6286;AUTO;1.94;0;0;0
6287;AUTO;1.79;0;0;0
6288;AUTO;12.84;0;0;0
6289;AUTO;1;0;0;0
6290;AUTO;2.59;0;0;0
6291;AUTO;2.67;0;0;0
6292;AUTO;1.69;0;0;0
6293;AUTO;1.48;0;0;0
6294;AUTO;10.44;0;0;0
6295;AUTO;2.34;0;0;0
6296;AUTO;1.3;0;0;0
6297;AUTO;1.29;0;0;0
6298;AUTO;8.38;0;0;0
6299;AUTO;4.23;0;0;0
6300;AUTO;1.92;0;0;0
6301;AUTO;7.34;0;0;0
6302;AUTO;1.64;0;0;0
6303;AUTO;1.01;0;0;0
6304;AUTO;1.46;0;0;0
6305;AUTO;10.48;0;0;0
6306;AUTO;2.92;0;0;0
6307;AUTO;7.01;0;0;0
6308;AUTO;1.03;0;0;0
6309;AUTO;1.56;0;0;0
6310;AUTO;2.9;0;0;0
6311;AUTO;1.73;0;0;0
6312;AUTO;9.11;0;0;0
6313;AUTO;2.94;0;0;0
6314;AUTO;1.41;0;0;0
6315;AUTO;4.85;0;0;0
6316;AUTO;1.03;0;0;0
6317;AUTO;1.31;0;0;0
6318;AUTO;3.05;0;0;0
6319;AUTO;1.34;0;0;0
6320;AUTO;1.13;0;0;0
6321;AUTO;1.5;0;0;0
6322;AUTO;42.44;0;0;0
6323;AUTO;1.58;0;0;0
6324;AUTO;41;0;0;0
6325;AUTO;1.61;0;0;0
6326;AUTO;1.26;0;0;0
6327;AUTO;1.16;0;0;0
6328;AUTO;1.22;0;0;0
6329;AUTO;1.12;0;0;0
6330;AUTO;1.09;0;0;0
6331;AUTO;1.8;0;0;0
6332;AUTO;2.62;0;0;0
6333;AUTO;2.2;0;0;0
6334;AUTO;1.36;0;0;0
6335;AUTO;1.27;0;0;0
6336;AUTO;1.92;0;0;0
6337;AUTO;5.76;0;0;0
6338;AUTO;12.84;0;0;0
6339;AUTO;1.32;0;0;0
6340;AUTO;1.25;0;0;0
6341;AUTO;1.01;0;0;0
6342;AUTO;4.1;0;0;0
6343;AUTO;2.08;0;0;0
6344;AUTO;1.61;0;0;0
6345;AUTO;1.37;0;0;0
6346;AUTO;2.7;0;0;0
6347;AUTO;2.81;0;0;0
6348;AUTO;5.1;0;0;0
6349;AUTO;1.21;0;0;0
6350;AUTO;3.54;0;0;0
6351;AUTO;1.06;0;0;0
6352;AUTO;7.42;0;0;0
6353;AUTO;2.84;0;0;0
6354;AUTO;1.03;0;0;0
6355;AUTO;1.78;0;0;0
6356;AUTO;1.88;0;0;0
6357;AUTO;1.35;0;0;0
6358;AUTO;2.06;0;0;0
6359;AUTO;3.65;0;0;0
6360;AUTO;1.08;0;0;0
6361;AUTO;4.05;0;0;0
6362;AUTO;1.47;0;0;0
6363;AUTO;2.04;0;0;0
6364;AUTO;1.82;0;0;0
6365;AUTO;14.52;0;0;0
6366;AUTO;1.73;0;0;0
6367;AUTO;2.54;0;0;0
6368;AUTO;3.14;0;0;0
6369;AUTO;4.42;0;0;0
6370;AUTO;3.52;0;0;0
6371;AUTO;2.59;0;0;0
6372;AUTO;1.61;0;0;0
6373;AUTO;1.14;0;0;0
6374;AUTO;2.45;0;0;0
6375;AUTO;3.39;0;0;0
6376;AUTO;9.53;0;0;0
6377;AUTO;2.16;0;0;0
6378;AUTO;1.86;0;0;0
6379;AUTO;1.19;0;0;0
6380;AUTO;62.47;0;0;0
6381;AUTO;1.46;0;0;0
6382;AUTO;2.8;0;0;0
6383;AUTO;1.04;0;0;0
6384;AUTO;100.79;0;0;0
6385;AUTO;1;0;0;0
6386;AUTO;3.28;0;0;0
6387;AUTO;2.93;0;0;0
6388;AUTO;3.78;0;0;0
6389;AUTO;3.45;0;0;0
6390;AUTO;1.99;0;0;0
6391;AUTO;1.13;0;0;0
6392;AUTO;2.04;0;0;0
6393;AUTO;8.54;0;0;0
6394;AUTO;1.1;0;0;0
6395;AUTO;4.13;0;0;0
6396;AUTO;23.74;0;0;0
6397;AUTO;2.05;0;0;0
6398;AUTO;2.05;0;0;0
6399;AUTO;2.78;0;0;0
6400;AUTO;3.38;0;0;0
6401;AUTO;8.57;0;0;0
6402;AUTO;12.95;0;0;0
6403;AUTO;1.07;0;0;0
6404;AUTO;1.02;0;0;0
6405;AUTO;4.56;0;0;0
6406;AUTO;9.39;0;0;0
6407;AUTO;1.01;0;0;0
6408;AUTO;1.83;0;0;0
6409;AUTO;2.74;0;0;0
6410;AUTO;31.06;0;0;0
6411;AUTO;1.87;0;0;0
6412;AUTO;1.53;0;0;0
6413;AUTO;1.2;0;0;0
6414;AUTO;1.64;0;0;0
6415;AUTO;1.03;0;0;0
6416;AUTO;2.84;0;0;0
6417;AUTO;1.11;0;0;0
6418;AUTO;1.22;0;0;0
6419;AUTO;1.33;0;0;0
6420;AUTO;3.38;0;0;0
6421;AUTO;11.14;0;0;0
6422;AUTO;1;0;0;0
6423;AUTO;3.31;0;0;0
6424;AUTO;1.09;0;0;0
6425;AUTO;1.86;0;0;0
6426;AUTO;1.46;0;0;0
6427;AUTO;5.31;0;0;0
6428;AUTO;4.82;0;0;0
6429;AUTO;1.16;0;0;0
6430;AUTO;5.01;0;0;0
6431;AUTO;1.93;0;0;0
6432;AUTO;10.22;0;0;0
6433;AUTO;1.56;0;0;0
6434;AUTO;1.32;0;0;0
6435;AUTO;1;0;0;0
6436;AUTO;2.53;0;0;0
6437;AUTO;1.15;0;0;0
6438;AUTO;1.23;0;0;0
6439;AUTO;2.59;0;0;0
6440;AUTO;2.27;0;0;0
6441;AUTO;1.7;0;0;0
6442;AUTO;3.64;0;0;0
6443;AUTO;4.39;0;0;0
6444;AUTO;1.18;0;0;0
6445;AUTO;1.27;0;0;0
6446;AUTO;20.59;0;0;0
6447;AUTO;2.06;0;0;0
6448;AUTO;1.4;0;0;0
6449;AUTO;1.18;0;0;0
6450;AUTO;1.42;0;0;0
6451;AUTO;1.73;0;0;0
6452;AUTO;1.97;0;0;0
6453;AUTO;1.06;0;0;0
6454;AUTO;3.74;0;0;0
6455;AUTO;8.1;0;0;0
6456;AUTO;2.72;0;0;0
6457;AUTO;2.95;0;0;0
6458;AUTO;18.83;0;0;0
6459;AUTO;1.91;0;0;0
6460;AUTO;4.12;0;0;0
6461;AUTO;7.72;0;0;0
6462;AUTO;1.42;0;0;0
6463;AUTO;5.08;0;0;0
6464;AUTO;4.05;0;0;0
6465;AUTO;1.48;0;0;0
6466;AUTO;1.19;0;0;0
6467;AUTO;2.12;0;0;0
6468;AUTO;3.71;0;0;0
6469;AUTO;1.37;0;0;0
6470;AUTO;1.06;0;0;0
6471;AUTO;1.37;0;0;0
6472;AUTO;3.15;0;0;0
6473;AUTO;11.99;0;0;0
6474;AUTO;1.2;0;0;0
6475;AUTO;1.78;0;0;0
6476;AUTO;3.69;0;0;0
6477;AUTO;1.39;0;0;0
6478;AUTO;5.96;0;0;0
6479;AUTO;1.05;0;0;0
6480;AUTO;2.17;0;0;0
6481;AUTO;1.14;0;0;0
6482;AUTO;1.45;0;0;0
6483;AUTO;1.03;0;0;0
6484;AUTO;1.4;0;0;0
6485;AUTO;1.24;0;0;0
6486;AUTO;12.83;0;0;0
6487;AUTO;7.42;0;0;0
6488;AUTO;2.81;0;0;0
6489;AUTO;1.89;0;0;0
6490;AUTO;1.08;0;0;0
6491;AUTO;11.24;0;0;0
6492;AUTO;1.41;0;0;0
6493;AUTO;2.45;0;0;0
6494;AUTO;3.02;0;0;0
6495;AUTO;1.46;0;0;0
6496;AUTO;19.74;0;0;0
6497;AUTO;1.21;0;0;0
6498;AUTO;3.73;0;0;0
6499;AUTO;9.18;0;0;0
6500;AUTO;80.31;0;0;0
6501;AUTO;2.45;0;0;0
6502;AUTO;3.85;0;0;0
6503;AUTO;1.51;0;0;0
6504;AUTO;4.52;0;0;0
6505;AUTO;543.2;0;0;0
6506;AUTO;1.37;0;0;0
6507;AUTO;2.32;0;0;0
6508;AUTO;3.42;0;0;0
6509;AUTO;5.73;0;0;0
6510;AUTO;2.68;0;0;0
6511;AUTO;1.14;0;0;0
6512;AUTO;1.33;0;0;0
6513;AUTO;20.57;0;0;0
6514;AUTO;1.48;0;0;0
6515;AUTO;2.43;0;0;0
6516;AUTO;1.18;0;0;0
6517;AUTO;1.18;0;0;0
6518;AUTO;5.88;0;0;0
6519;AUTO;1.09;0;0;0
6520;AUTO;2.79;0;0;0
6521;AUTO;1.05;0;0;0
6522;AUTO;1.38;0;0;0
6523;AUTO;2.57;0;0;0
6524;AUTO;1.22;0;0;0
6525;AUTO;2.55;0;0;0
6526;AUTO;4.47;0;0;0
6527;AUTO;1.32;0;0;0
6528;AUTO;2.7;0;0;0
6529;AUTO;1.18;0;0;0
6530;AUTO;1.07;0;0;0
6531;AUTO;1.09;0;0;0
6532;AUTO;1.38;0;0;0
6533;AUTO;1.11;0;0;0
6534;AUTO;1.4;0;0;0
6535;AUTO;2.75;0;0;0
6536;AUTO;2.34;0;0;0
6537;AUTO;1.76;0;0;0
6538;AUTO;1.22;0;0;0
6539;AUTO;1.03;0;0;0
6540;AUTO;1.65;0;0;0
6541;AUTO;1.24;0;0;0
6542;AUTO;1.9;0;0;0
6543;AUTO;1.54;0;0;0
6544;AUTO;3.14;0;0;0
6545;AUTO;2.13;0;0;0
6546;AUTO;1.47;0;0;0
6547;AUTO;12.63;0;0;0
6548;AUTO;1.31;0;0;0
6549;AUTO;5.23;0;0;0
6550;AUTO;5.6;0;0;0
6551;AUTO;1.78;0;0;0
6552;AUTO;4.16;0;0;0
6553;AUTO;56.1;0;0;0
6554;AUTO;1.08;0;0;0
6555;AUTO;7.29;0;0;0
6556;AUTO;2.74;0;0;0
6557;AUTO;2.11;0;0;0
6558;AUTO;1;0;0;0
6559;AUTO;13.4;0;0;0
6560;AUTO;1.04;0;0;0
6561;AUTO;3.33;0;0;0
6562;AUTO;1.21;0;0;0
6563;AUTO;1.23;0;0;0
6564;AUTO;2.42;0;0;0
6565;AUTO;4.92;0;0;0
6566;AUTO;5.04;0;0;0
6567;AUTO;2.34;0;0;0
6568;AUTO;1.05;0;0;0
6569;AUTO;1.48;0;0;0
6570;AUTO;1.37;0;0;0
6571;AUTO;1.19;0;0;0
6572;AUTO;6.98;0;0;0
6573;AUTO;2.54;0;0;0
6574;AUTO;3.82;0;0;0
6575;AUTO;1;0;0;0
6576;AUTO;8.29;0;0;0
6577;AUTO;17.37;0;0;0
6578;AUTO;1.78;0;0;0
6579;AUTO;2.46;0;0;0
6580;AUTO;1.48;0;0;0
6581;AUTO;1.53;0;0;0
6582;AUTO;10.95;0;0;0
6583;AUTO;1.21;0;0;0
6584;AUTO;1.19;0;0;0
6585;AUTO;4.84;0;0;0
6586;AUTO;80.21;0;0;0
6587;AUTO;17.94;0;0;0
6588;AUTO;1.64;0;0;0
6589;AUTO;1.11;0;0;0
6590;AUTO;10.53;0;0;0
6591;AUTO;1.36;0;0;0
6592;AUTO;1.13;0;0;0
6593;AUTO;8.92;0;0;0
6594;AUTO;6.99;0;0;0
6595;AUTO;1.31;0;0;0
6596;AUTO;2.98;0;0;0
6597;AUTO;1.22;0;0;0
6598;AUTO;2.17;0;0;0
6599;AUTO;4.41;0;0;0
6600;AUTO;51.85;0;0;0
6601;AUTO;6.26;0;0;0
6602;AUTO;1.8;0;0;0
6603;AUTO;2.47;0;0;0
6604;AUTO;1.04;0;0;0
6605;AUTO;1.95;0;0;0
6606;AUTO;2.84;0;0;0
6607;AUTO;3.67;0;0;0
6608;AUTO;1.19;0;0;0
6609;AUTO;2.26;0;0;0
6610;AUTO;3.02;0;0;0
6611;AUTO;1.8;0;0;0
6612;AUTO;1.21;0;0;0
6613;AUTO;1.61;0;0;0
6614;AUTO;5.04;0;0;0
6615;AUTO;1.12;0;0;0
6616;AUTO;1.1;0;0;0
6617;AUTO;1.32;0;0;0
6618;AUTO;2.84;0;0;0
6619;AUTO;1.21;0;0;0
6620;AUTO;1.04;0;0;0
6621;AUTO;2;0;0;0
6622;AUTO;7.1;0;0;0
6623;AUTO;1.21;0;0;0
6624;AUTO;62.09;0;0;0
6625;AUTO;1.02;0;0;0
6626;AUTO;2.94;0;0;0
6627;AUTO;4.57;0;0;0
6628;AUTO;1.29;0;0;0
6629;AUTO;1.65;0;0;0
6630;AUTO;1.15;0;0;0
6631;AUTO;1.01;0;0;0
6632;AUTO;1;0;0;0
6633;AUTO;1.13;0;0;0
6634;AUTO;2.79;0;0;0
6635;AUTO;1.26;0;0;0
6636;AUTO;5.4;0;0;0
6637;AUTO;1.11;0;0;0
6638;AUTO;1.79;0;0;0
6639;AUTO;17.5;0;0;0
6640;AUTO;8.92;0;0;0
6641;AUTO;29.66;0;0;0
6642;AUTO;1.17;0;0;0
6643;AUTO;1.37;0;0;0
6644;AUTO;1.21;0;0;0
6645;AUTO;1.62;0;0;0
6646;AUTO;1.52;0;0;0
6647;AUTO;2.18;0;0;0
6648;AUTO;1.26;0;0;0
6649;AUTO;3.75;0;0;0
6650;AUTO;38.56;0;0;0
6651;AUTO;1.19;0;0;0
6652;AUTO;4.27;0;0;0
6653;AUTO;2.23;0;0;0
6654;AUTO;2.39;0;0;0
6655;AUTO;5.99;0;0;0
6656;AUTO;34.44;0;0;0
6657;AUTO;1.54;0;0;0
6658;AUTO;1.46;0;0;0
6659;AUTO;6.55;0;0;0
6660;AUTO;1.07;0;0;0
6661;AUTO;1.45;0;0;0
6662;AUTO;2.1;0;0;0
6663;AUTO;1.04;0;0;0
6664;AUTO;1.08;0;0;0
6665;AUTO;12.88;0;0;0
6666;AUTO;189.07;0;0;0
6667;AUTO;1;0;0;0
6668;AUTO;1.11;0;0;0
6669;AUTO;3.11;0;0;0
6670;AUTO;2.13;0;0;0
6671;AUTO;15.64;0;0;0
6672;AUTO;4.67;0;0;0
6673;AUTO;2.12;0;0;0
6674;AUTO;7.47;0;0;0
6675;AUTO;1.3;0;0;0
6676;AUTO;1;0;0;0
6677;AUTO;3.02;0;0;0
6678;AUTO;1.98;0;0;0
6679;AUTO;1.5;0;0;0
6680;AUTO;2.55;0;0;0
6681;AUTO;11.48;0;0;0
6682;AUTO;6.22;0;0;0
6683;AUTO;1.14;0;0;0
6684;AUTO;1.12;0;0;0
6685;AUTO;3.74;0;0;0
6686;AUTO;2.54;0;0;0
6687;AUTO;2.18;0;0;0
6688;AUTO;6.17;0;0;0
6689;AUTO;12.16;0;0;0
6690;AUTO;2.89;0;0;0
6691;AUTO;1.71;0;0;0
6692;AUTO;4.27;0;0;0
6693;AUTO;4.55;0;0;0
6694;AUTO;88.15;0;0;0
6695;AUTO;3.54;0;0;0
6696;AUTO;1;0;0;0
6697;AUTO;3.46;0;0;0
6698;AUTO;1.37;0;0;0
6699;AUTO;1.22;0;0;0
6700;AUTO;1.31;0;0;0
6701;AUTO;1.38;0;0;0
6702;AUTO;1.08;0;0;0
6703;AUTO;3.26;0;0;0
6704;AUTO;1.57;0;0;0
6705;AUTO;1;0;0;0
6706;AUTO;1.69;0;0;0
6707;AUTO;1.23;0;0;0
6708;AUTO;2.32;0;0;0
6709;AUTO;4.88;0;0;0
6710;AUTO;2.05;0;0;0
6711;AUTO;1.23;0;0;0
6712;AUTO;12.5;0;0;0
6713;AUTO;2.54;0;0;0
6714;AUTO;1.04;0;0;0
6715;AUTO;2.98;0;0;0
6716;AUTO;1.92;0;0;0
6717;AUTO;3.65;0;0;0
6718;AUTO;2.47;0;0;0
6719;AUTO;2.01;0;0;0
6720;AUTO;1.08;0;0;0
6721;AUTO;9.66;0;0;0
6722;AUTO;1.9;0;0;0
6723;AUTO;1.71;0;0;0
6724;AUTO;3.13;0;0;0
6725;AUTO;1.71;0;0;0
6726;AUTO;3.29;0;0;0
6727;AUTO;1.9;0;0;0
6728;AUTO;1.29;0;0;0
6729;AUTO;1.91;0;0;0
6730;AUTO;1;0;0;0
6731;AUTO;1.16;0;0;0
6732;AUTO;1.09;0;0;0
6733;AUTO;2.57;0;0;0
6734;AUTO;1.09;0;0;0
6735;AUTO;1.69;0;0;0
6736;AUTO;1.79;0;0;0
6737;AUTO;4.11;0;0;0
6738;AUTO;14.09;0;0;0
6739;AUTO;10.58;0;0;0
6740;AUTO;4.27;0;0;0
6741;AUTO;1.25;0;0;0
6742;AUTO;4.39;0;0;0
6743;AUTO;1.18;0;0;0
6744;AUTO;2.15;0;0;0
6745;AUTO;1.36;0;0;0
6746;AUTO;4.71;0;0;0
6747;AUTO;1.61;0;0;0
6748;AUTO;1.13;0;0;0
6749;AUTO;10.7;0;0;0
6750;AUTO;2.37;0;0;0
6751;AUTO;1.03;0;0;0
6752;AUTO;10.69;0;0;0
6753;AUTO;1.72;0;0;0
6754;AUTO;1.02;0;0;0
6755;AUTO;2.06;0;0;0
6756;AUTO;24.43;0;0;0
6757;AUTO;1.07;0;0;0
6758;AUTO;2.7;0;0;0
6759;AUTO;1.25;0;0;0
6760;AUTO;1;0;0;0
6761;AUTO;2.04;0;0;0
6762;AUTO;1.73;0;0;0
6763;AUTO;5.77;0;0;0
6764;AUTO;4.71;0;0;0
6765;AUTO;3.11;0;0;0
6766;AUTO;1.61;0;0;0
6767;AUTO;1.42;0;0;0
6768;AUTO;4.62;0;0;0
6769;AUTO;1.63;0;0;0
6770;AUTO;4.83;0;0;0
6771;AUTO;4580.19;0;0;0
6772;AUTO;2.1;0;0;0
6773;AUTO;37.63;0;0;0
6774;AUTO;1.58;0;0;0
6775;AUTO;57.18;0;0;0
6776;AUTO;1.24;0;0;0
6777;AUTO;1.25;0;0;0
6778;AUTO;5.31;0;0;0
6779;AUTO;1.09;0;0;0
6780;AUTO;1.13;0;0;0
6781;AUTO;3.05;0;0;0
6782;AUTO;1.95;0;0;0
6783;AUTO;1.48;0;0;0
6784;AUTO;1.3;0;0;0
6785;AUTO;1.28;0;0;0
6786;AUTO;4.97;0;0;0
6787;AUTO;5.86;0;0;0
6788;AUTO;1.77;0;0;0
6789;AUTO;87.41;0;0;0
6790;AUTO;39.72;0;0;0
6791;AUTO;1.98;0;0;0
6792;AUTO;3.7;0;0;0
6793;AUTO;3.84;0;0;0
6794;AUTO;1.13;0;0;0
6795;AUTO;1.69;0;0;0
6796;AUTO;1.95;0;0;0
6797;AUTO;13.57;0;0;0
6798;AUTO;2.14;0;0;0
6799;AUTO;2.32;0;0;0
6800;AUTO;2.05;0;0;0
6801;AUTO;3.68;0;0;0
6802;AUTO;1.15;0;0;0
6803;AUTO;2.85;0;0;0
6804;AUTO;1.17;0;0;0
6805;AUTO;11.87;0;0;0
6806;AUTO;1.3;0;0;0
6807;AUTO;3.06;0;0;0
6808;AUTO;1;0;0;0
6809;AUTO;2.64;0;0;0
6810;AUTO;1.02;0;0;0
6811;AUTO;1.21;0;0;0
6812;AUTO;3.46;0;0;0
6813;AUTO;1;0;0;0
6814;AUTO;2.42;0;0;0
6815;AUTO;2.72;0;0;0
6816;AUTO;1.16;0;0;0
6817;AUTO;34.73;0;0;0
6818;AUTO;2.15;0;0;0
6819;AUTO;1.14;0;0;0
6820;AUTO;1.64;0;0;0
6821;AUTO;13.63;0;0;0
6822;AUTO;1.45;0;0;0
6823;AUTO;1.31;0;0;0
6824;AUTO;1.09;0;0;0
6825;AUTO;1.84;0;0;0
6826;AUTO;5.2;0;0;0
6827;AUTO;1.05;0;0;0
6828;AUTO;1.73;0;0;0
6829;AUTO;9.67;0;0;0
6830;AUTO;1.17;0;0;0
6831;AUTO;1;0;0;0
6832;AUTO;4.23;0;0;0
6833;AUTO;2.3;0;0;0
6834;AUTO;7.4;0;0;0
6835;AUTO;1.24;0;0;0
6836;AUTO;1.74;0;0;0
6837;AUTO;127.3;0;0;0
6838;AUTO;2.91;0;0;0
6839;AUTO;2.44;0;0;0
6840;AUTO;1.36;0;0;0
6841;AUTO;8.35;0;0;0
6842;AUTO;1.16;0;0;0
6843;AUTO;21.12;0;0;0
6844;AUTO;1.12;0;0;0
6845;AUTO;1;0;0;0
6846;AUTO;13.6;0;0;0
6847;AUTO;1.26;0;0;0
6848;AUTO;1.94;0;0;0
6849;AUTO;4.14;0;0;0
6850;AUTO;9.71;0;0;0
6851;AUTO;1.25;0;0;0
6852;AUTO;1.82;0;0;0
6853;AUTO;1.41;0;0;0
6854;AUTO;9.16;0;0;0
6855;AUTO;1.36;0;0;0
6856;AUTO;7.46;0;0;0
6857;AUTO;1.29;0;0;0
6858;AUTO;8.36;0;0;0
6859;AUTO;2.73;0;0;0
6860;AUTO;1.05;0;0;0
6861;AUTO;2.79;0;0;0
6862;AUTO;1.33;0;0;0
6863;AUTO;2.29;0;0;0
6864;AUTO;1;0;0;0
6865;AUTO;1.24;0;0;0
6866;AUTO;1.06;0;0;0
6867;AUTO;1.8;0;0;0
6868;AUTO;2.89;0;0;0
6869;AUTO;2.89;0;0;0
6870;AUTO;1;0;0;0
6871;AUTO;1.89;0;0;0
6872;AUTO;1.49;0;0;0
6873;AUTO;1;0;0;0
6874;AUTO;2.67;0;0;0
6875;AUTO;1.19;0;0;0
6876;AUTO;1.36;0;0;0
6877;AUTO;1.04;0;0;0
6878;AUTO;1;0;0;0
6879;AUTO;8.61;0;0;0
6880;AUTO;232.01;0;0;0
6881;AUTO;1.45;0;0;0
6882;AUTO;1.7;0;0;0
6883;AUTO;1.06;0;0;0
6884;AUTO;2.2;0;0;0
6885;AUTO;1.39;0;0;0
6886;AUTO;5.46;0;0;0
6887;AUTO;5.04;0;0;0
6888;AUTO;1.69;0;0;0
6889;AUTO;1.48;0;0;0
6890;AUTO;1.03;0;0;0
6891;AUTO;3.38;0;0;0
6892;AUTO;6.44;0;0;0
6893;AUTO;1.74;0;0;0
6894;AUTO;3.02;0;0;0
6895;AUTO;1.31;0;0;0
6896;AUTO;2.73;0;0;0
6897;AUTO;2.37;0;0;0
6898;AUTO;1.15;0;0;0
6899;AUTO;5.75;0;0;0
6900;AUTO;14.52;0;0;0
6901;AUTO;1.18;0;0;0
6902;AUTO;1.36;0;0;0
6903;AUTO;10.37;0;0;0
6904;AUTO;3.9;0;0;0
6905;AUTO;1.58;0;0;0
6906;AUTO;3.7;0;0;0
6907;AUTO;1.62;0;0;0
6908;AUTO;1.11;0;0;0
6909;AUTO;1.02;0;0;0
6910;AUTO;2.85;0;0;0
6911;AUTO;2.45;0;0;0
6912;AUTO;6.48;0;0;0
6913;AUTO;1.43;0;0;0
6914;AUTO;2.4;0;0;0
6915;AUTO;5.41;0;0;0
6916;AUTO;1.96;0;0;0
6917;AUTO;27.09;0;0;0
6918;AUTO;1.9;0;0;0
6919;AUTO;1.33;0;0;0
6920;AUTO;1.24;0;0;0
6921;AUTO;2.59;0;0;0
6922;AUTO;1.41;0;0;0
6923;AUTO;5.17;0;0;0
6924;AUTO;2.61;0;0;0
6925;AUTO;4.5;0;0;0
6926;AUTO;2.37;0;0;0
6927;AUTO;3.35;0;0;0
6928;AUTO;1.22;0;0;0
6929;AUTO;3.38;0;0;0
6930;AUTO;1.31;0;0;0
6931;AUTO;14.56;0;0;0
6932;AUTO;1.23;0;0;0
6933;AUTO;1;0;0;0
6934;AUTO;1.09;0;0;0
6935;AUTO;2.28;0;0;0
6936;AUTO;1.03;0;0;0
6937;AUTO;3.19;0;0;0
6938;AUTO;8.15;0;0;0
6939;AUTO;1.43;0;0;0
6940;AUTO;1.83;0;0;0
6941;AUTO;2.16;0;0;0
6942;AUTO;47.28;0;0;0
6943;AUTO;1.15;0;0;0
6944;AUTO;3.27;0;0;0
6945;AUTO;2.21;0;0;0
6946;AUTO;2.12;0;0;0
6947;AUTO;1.92;0;0;0
6948;AUTO;2.5;0;0;0
6949;AUTO;1.92;0;0;0
6950;AUTO;2.5;0;0;0
6951;AUTO;1.92;0;0;0
6952;AUTO;1.06;0;0;0
6953;AUTO;3.28;0;0;0
6954;AUTO;1.98;0;0;0
6955;AUTO;1.24;0;0;0
6956;AUTO;1.19;0;0;0
6957;AUTO;1.83;0;0;0
6958;AUTO;1.79;0;0;0
6959;AUTO;1.07;0;0;0
6960;AUTO;3.81;0;0;0
6961;AUTO;1.84;0;0;0
6962;AUTO;2.45;0;0;0
6963;AUTO;2.78;0;0;0
6964;AUTO;1.65;0;0;0
6965;AUTO;1.74;0;0;0
6966;AUTO;12.01;0;0;0
6967;AUTO;1.94;0;0;0
6968;AUTO;16.83;0;0;0
6969;AUTO;4.66;0;0;0
6970;AUTO;13.19;0;0;0
6971;AUTO;1.05;0;0;0
6972;AUTO;1.09;0;0;0
6973;AUTO;1.04;0;0;0
6974;AUTO;6.26;0;0;0
6975;AUTO;1.2;0;0;0
6976;AUTO;1.67;0;0;0
6977;AUTO;1.91;0;0;0
6978;AUTO;1.03;0;0;0
6979;AUTO;3.12;0;0;0
6980;AUTO;2.78;0;0;0
6981;AUTO;2.96;0;0;0
6982;AUTO;1.44;0;0;0
6983;AUTO;1.12;0;0;0
6984;AUTO;1.54;0;0;0
6985;AUTO;3.45;0;0;0
6986;AUTO;2.24;0;0;0
6987;AUTO;1.91;0;0;0
6988;AUTO;2.07;0;0;0
6989;AUTO;2.87;0;0;0
6990;AUTO;2.15;0;0;0
6991;AUTO;12.79;0;0;0
6992;AUTO;1.32;0;0;0
6993;AUTO;1.98;0;0;0
6994;AUTO;12.23;0;0;0
6995;AUTO;8.4;0;0;0
6996;AUTO;1.19;0;0;0
6997;AUTO;1.12;0;0;0
6998;AUTO;11.2;0;0;0
6999;AUTO;2.15;0;0;0
7000;AUTO;1.09;0;0;0
7001;AUTO;3.04;0;0;0
7002;AUTO;3.29;0;0;0
7003;AUTO;1.73;0;0;0
7004;AUTO;1.6;0;0;0
7005;AUTO;1;0;0;0
7006;AUTO;1.24;0;0;0
7007;AUTO;2.27;0;0;0
7008;AUTO;1.26;0;0;0
7009;AUTO;1.21;0;0;0
7010;AUTO;2.33;0;0;0
7011;AUTO;1.51;0;0;0
7012;AUTO;1.44;0;0;0
7013;AUTO;1;0;0;0
7014;AUTO;1.07;0;0;0
7015;AUTO;5.81;0;0;0
7016;AUTO;1.75;0;0;0
7017;AUTO;1.82;0;0;0
7018;AUTO;18.23;0;0;0
7019;AUTO;1.12;0;0;0
7020;AUTO;4.85;0;0;0
7021;AUTO;2.79;0;0;0
7022;AUTO;5.88;0;0;0
7023;AUTO;1.17;0;0;0
7024;AUTO;18.21;0;0;0
7025;AUTO;5.19;0;0;0
7026;AUTO;1.15;0;0;0
7027;AUTO;12.75;0;0;0
7028;AUTO;1.15;0;0;0
7029;AUTO;2.24;0;0;0
7030;AUTO;2.12;0;0;0
7031;AUTO;1.1;0;0;0
7032;AUTO;3.68;0;0;0
7033;AUTO;2.73;0;0;0
7034;AUTO;1;0;0;0
7035;AUTO;13.3;0;0;0
7036;AUTO;6.34;0;0;0
7037;AUTO;1.34;0;0;0
7038;AUTO;1.13;0;0;0
7039;AUTO;1.92;0;0;0
7040;AUTO;2.59;0;0;0
7041;AUTO;2.62;0;0;0
7042;AUTO;10.69;0;0;0
7043;AUTO;1.14;0;0;0
7044;AUTO;1.12;0;0;0
7045;AUTO;3.31;0;0;0
7046;AUTO;1.94;0;0;0
7047;AUTO;3.61;0;0;0
7048;AUTO;9.28;0;0;0
7049;AUTO;1.16;0;0;0
7050;AUTO;25.69;0;0;0
7051;AUTO;5.47;0;0;0
7052;AUTO;4.52;0;0;0
7053;AUTO;1.64;0;0;0
7054;AUTO;1.59;0;0;0
7055;AUTO;1;0;0;0
7056;AUTO;1.02;0;0;0
7057;AUTO;1.88;0;0;0
7058;AUTO;1.61;0;0;0
7059;AUTO;2.26;0;0;0
7060;AUTO;1.92;0;0;0
7061;AUTO;15.42;0;0;0
7062;AUTO;1.08;0;0;0
7063;AUTO;5.83;0;0;0
7064;AUTO;1.64;0;0;0
7065;AUTO;9.05;0;0;0
7066;AUTO;1.12;0;0;0
7067;AUTO;19.99;0;0;0
7068;AUTO;3.19;0;0;0
7069;AUTO;2.06;0;0;0
7070;AUTO;4.03;0;0;0
7071;AUTO;16;0;0;0
7072;AUTO;72.79;0;0;0
7073;AUTO;1.72;0;0;0
7074;AUTO;5.14;0;0;0
7075;AUTO;8.11;0;0;0
7076;AUTO;2.46;0;0;0
7077;AUTO;11.05;0;0;0
7078;AUTO;8.9;0;0;0
7079;AUTO;2.91;0;0;0
7080;AUTO;1.11;0;0;0
7081;AUTO;1.93;0;0;0
7082;AUTO;1.98;0;0;0
7083;AUTO;29.64;0;0;0
7084;AUTO;3.07;0;0;0
7085;AUTO;4.37;0;0;0
7086;AUTO;1.12;0;0;0
7087;AUTO;1.49;0;0;0
7088;AUTO;1.04;0;0;0
7089;AUTO;2.79;0;0;0
7090;AUTO;1.97;0;0;0
7091;AUTO;1.64;0;0;0
7092;AUTO;1.25;0;0;0
7093;AUTO;9.09;0;0;0
7094;AUTO;3.18;0;0;0
7095;AUTO;1.3;0;0;0
7096;AUTO;4.33;0;0;0
7097;AUTO;1.3;0;0;0
7098;AUTO;3.14;0;0;0
7099;AUTO;37.74;0;0;0
7100;AUTO;1.99;0;0;0
7101;AUTO;16.92;0;0;0
7102;AUTO;2.41;0;0;0
7103;AUTO;1.12;0;0;0
7104;AUTO;2.35;0;0;0
7105;AUTO;1.62;0;0;0
7106;AUTO;1.36;0;0;0
7107;AUTO;10.07;0;0;0
7108;AUTO;2.24;0;0;0
7109;AUTO;1.82;0;0;0
7110;AUTO;1.01;0;0;0
7111;AUTO;2.78;0;0;0
7112;AUTO;1.4;0;0;0
7113;AUTO;6.54;0;0;0
7114;AUTO;3.91;0;0;0
7115;AUTO;13.72;0;0;0
7116;AUTO;5.36;0;0;0
7117;AUTO;2.08;0;0;0
7118;AUTO;1.3;0;0;0
7119;AUTO;1;0;0;0
7120;AUTO;417.06;0;0;0
7121;AUTO;1.1;0;0;0
7122;AUTO;1.54;0;0;0
7123;AUTO;10.54;0;0;0
7124;AUTO;1.1;0;0;0
7125;AUTO;1.19;0;0;0
7126;AUTO;2.14;0;0;0
7127;AUTO;10.46;0;0;0
7128;AUTO;2.74;0;0;0
7129;AUTO;1.35;0;0;0
7130;AUTO;1.28;0;0;0
7131;AUTO;1.3;0;0;0
7132;AUTO;1.53;0;0;0
7133;AUTO;22.54;0;0;0
7134;AUTO;1.48;0;0;0
7135;AUTO;1.23;0;0;0
7136;AUTO;8.05;0;0;0
7137;AUTO;1.56;0;0;0
7138;AUTO;3.07;0;0;0
7139;AUTO;651.57;0;0;0
7140;AUTO;11.65;0;0;0
7141;AUTO;2.82;0;0;0
7142;AUTO;1.03;0;0;0
7143;AUTO;1.08;0;0;0
7144;AUTO;1.08;0;0;0
7145;AUTO;1.16;0;0;0
7146;AUTO;3.96;0;0;0
7147;AUTO;1.08;0;0;0
7148;AUTO;1.16;0;0;0
7149;AUTO;1.42;0;0;0
7150;AUTO;12.55;0;0;0
7151;AUTO;1.32;0;0;0
7152;AUTO;1;0;0;0
7153;AUTO;1.7;0;0;0
7154;AUTO;2.36;0;0;0
7155;AUTO;3.14;0;0;0
7156;AUTO;1.17;0;0;0
7157;AUTO;1.05;0;0;0
7158;AUTO;1.92;0;0;0
7159;AUTO;10.36;0;0;0
7160;AUTO;5.57;0;0;0
7161;AUTO;2.65;0;0;0
7162;AUTO;4.09;0;0;0
7163;AUTO;1.23;0;0;0
7164;AUTO;8.99;0;0;0
7165;AUTO;1.14;0;0;0
7166;AUTO;2.43;0;0;0
7167;AUTO;4.28;0;0;0
7168;AUTO;1.05;0;0;0
7169;AUTO;3.98;0;0;0
7170;AUTO;6.29;0;0;0
7171;AUTO;1.4;0;0;0
7172;AUTO;1.93;0;0;0
7173;AUTO;2.01;0;0;0
7174;AUTO;1.02;0;0;0
7175;AUTO;1.01;0;0;0
7176;AUTO;4.44;0;0;0
7177;AUTO;1.03;0;0;0
7178;AUTO;1.81;0;0;0
7179;AUTO;1.06;0;0;0
7180;AUTO;4.49;0;0;0
7181;AUTO;1.01;0;0;0
7182;AUTO;1.32;0;0;0
7183;AUTO;1.82;0;0;0
7184;AUTO;1.52;0;0;0
7185;AUTO;1.04;0;0;0
7186;AUTO;3.21;0;0;0
7187;AUTO;1.18;0;0;0
7188;AUTO;5.7;0;0;0
7189;AUTO;3.1;0;0;0
7190;AUTO;2.05;0;0;0
7191;AUTO;3.71;0;0;0
7192;AUTO;2;0;0;0
7193;AUTO;2.04;0;0;0
7194;AUTO;2.21;0;0;0
7195;AUTO;1;0;0;0
7196;AUTO;4.33;0;0;0
7197;AUTO;1.12;0;0;0
7198;AUTO;36.34;0;0;0
7199;AUTO;1.19;0;0;0
7200;AUTO;1.35;0;0;0
7201;AUTO;3.8;0;0;0
7202;AUTO;2.09;0;0;0
7203;AUTO;4.99;0;0;0
7204;AUTO;9.83;0;0;0
7205;AUTO;8.53;0;0;0
7206;AUTO;2.28;0;0;0
7207;AUTO;1.29;0;0;0
7208;AUTO;5.12;0;0;0
7209;AUTO;4.75;0;0;0
7210;AUTO;2.03;0;0;0
7211;AUTO;37.69;0;0;0
7212;AUTO;1.99;0;0;0
7213;AUTO;1.98;0;0;0
7214;AUTO;1.68;0;0;0
7215;AUTO;1.86;0;0;0
7216;AUTO;15.17;0;0;0
7217;AUTO;27.24;0;0;0
7218;AUTO;1.22;0;0;0
7219;AUTO;5.21;0;0;0
7220;AUTO;1.84;0;0;0
7221;AUTO;3.41;0;0;0
7222;AUTO;2.06;0;0;0
7223;AUTO;1.62;0;0;0
7224;AUTO;3.4;0;0;0
7225;AUTO;6.44;0;0;0
7226;AUTO;2.11;0;0;0
7227;AUTO;1.38;0;0;0
7228;AUTO;1;0;0;0
7229;AUTO;1.15;0;0;0
7230;AUTO;2.25;0;0;0
7231;AUTO;2.25;0;0;0
7232;AUTO;2.42;0;0;0
7233;AUTO;2.2;0;0;0
7234;AUTO;2.81;0;0;0
7235;AUTO;4.62;0;0;0
7236;AUTO;2.63;0;0;0
7237;AUTO;7.84;0;0;0
7238;AUTO;1.9;0;0;0
7239;AUTO;1;0;0;0
7240;AUTO;1.53;0;0;0
7241;AUTO;2.54;0;0;0
7242;AUTO;2.12;0;0;0
7243;AUTO;1.38;0;0;0
7244;AUTO;2.23;0;0;0
7245;AUTO;1;0;0;0
7246;AUTO;2.72;0;0;0
7247;AUTO;1.7;0;0;0
7248;AUTO;1.06;0;0;0
7249;AUTO;1.72;0;0;0
7250;AUTO;1.39;0;0;0
7251;AUTO;1.16;0;0;0
7252;AUTO;1.05;0;0;0
7253;AUTO;14.55;0;0;0
7254;AUTO;1.52;0;0;0
7255;AUTO;3.76;0;0;0
7256;AUTO;2.21;0;0;0
7257;AUTO;2.09;0;0;0
7258;AUTO;2.1;0;0;0
7259;AUTO;2.67;0;0;0
7260;AUTO;5.5;0;0;0
7261;AUTO;1.06;0;0;0
7262;AUTO;3.36;0;0;0
7263;AUTO;4.21;0;0;0
7264;AUTO;2.6;0;0;0
7265;AUTO;1.87;0;0;0
7266;AUTO;2.99;0;0;0
7267;AUTO;5.21;0;0;0
7268;AUTO;1;0;0;0
7269;AUTO;1.03;0;0;0
7270;AUTO;2.47;0;0;0
7271;AUTO;1.77;0;0;0
7272;AUTO;1.16;0;0;0
7273;AUTO;1.74;0;0;0
7274;AUTO;1.79;0;0;0
7275;AUTO;2.41;0;0;0
7276;AUTO;1.06;0;0;0
7277;AUTO;1.19;0;0;0
7278;AUTO;1.36;0;0;0
7279;AUTO;2.16;0;0;0
7280;AUTO;7.17;0;0;0
7281;AUTO;3.58;0;0;0
7282;AUTO;1.12;0;0;0
7283;AUTO;2.47;0;0;0
7284;AUTO;7.28;0;0;0
7285;AUTO;1.62;0;0;0
7286;AUTO;5.29;0;0;0
7287;AUTO;2.3;0;0;0
7288;AUTO;4.39;0;0;0
7289;AUTO;1.67;0;0;0
7290;AUTO;1;0;0;0
7291;AUTO;4.15;0;0;0
7292;AUTO;8.69;0;0;0
7293;AUTO;1.08;0;0;0
7294;AUTO;1.32;0;0;0
7295;AUTO;4.35;0;0;0
7296;AUTO;1.83;0;0;0
7297;AUTO;2.52;0;0;0
7298;AUTO;1.62;0;0;0
7299;AUTO;2.12;0;0;0
7300;AUTO;1.53;0;0;0
7301;AUTO;1;0;0;0
7302;AUTO;2.1;0;0;0
7303;AUTO;1.07;0;0;0
7304;AUTO;2.2;0;0;0
7305;AUTO;2.36;0;0;0
7306;AUTO;1.09;0;0;0
7307;AUTO;10.18;0;0;0
7308;AUTO;10.41;0;0;0
7309;AUTO;1.19;0;0;0
7310;AUTO;1.24;0;0;0
7311;AUTO;1.27;0;0;0
7312;AUTO;3.81;0;0;0
7313;AUTO;1.34;0;0;0
7314;AUTO;1.44;0;0;0
7315;AUTO;1.55;0;0;0
7316;AUTO;1.16;0;0;0
7317;AUTO;10.85;0;0;0
7318;AUTO;1.45;0;0;0
7319;AUTO;1.64;0;0;0
7320;AUTO;41.31;0;0;0
7321;AUTO;84.39;0;0;0
7322;AUTO;1.32;0;0;0
7323;AUTO;1.2;0;0;0
7324;AUTO;2.02;0;0;0
7325;AUTO;5.9;0;0;0
7326;AUTO;7.4;0;0;0
7327;AUTO;1.08;0;0;0
7328;AUTO;1.23;0;0;0
7329;AUTO;1.33;0;0;0
7330;AUTO;1;0;0;0
7331;AUTO;1.19;0;0;0
7332;AUTO;1.35;0;0;0
7333;AUTO;3.93;0;0;0
7334;AUTO;1.05;0;0;0
7335;AUTO;1;0;0;0
7336;AUTO;1.81;0;0;0
7337;AUTO;1.15;0;0;0
7338;AUTO;3.31;0;0;0
7339;AUTO;1.12;0;0;0
7340;AUTO;1;0;0;0
7341;AUTO;1.48;0;0;0
7342;AUTO;1.26;0;0;0
7343;AUTO;7.74;0;0;0
7344;AUTO;1.05;0;0;0
7345;AUTO;7.15;0;0;0
7346;AUTO;17.79;0;0;0
7347;AUTO;1.2;0;0;0
7348;AUTO;1.14;0;0;0
7349;AUTO;3.91;0;0;0
7350;AUTO;7.83;0;0;0
7351;AUTO;5.51;0;0;0
7352;AUTO;2.58;0;0;0
7353;AUTO;3.91;0;0;0
7354;AUTO;1.24;0;0;0
7355;AUTO;1.4;0;0;0
7356;AUTO;1.01;0;0;0
7357;AUTO;5.95;0;0;0
7358;AUTO;4.88;0;0;0
7359;AUTO;7.09;0;0;0
7360;AUTO;83.66;0;0;0
7361;AUTO;2.91;0;0;0
7362;AUTO;1;0;0;0
7363;AUTO;2.71;0;0;0
7364;AUTO;1.11;0;0;0
7365;AUTO;1.3;0;0;0
7366;AUTO;3.33;0;0;0
7367;AUTO;1.83;0;0;0
7368;AUTO;1.16;0;0;0
7369;AUTO;1.44;0;0;0
7370;AUTO;1.06;0;0;0
7371;AUTO;1.22;0;0;0
7372;AUTO;1.37;0;0;0
7373;AUTO;7.83;0;0;0
7374;AUTO;1.07;0;0;0
7375;AUTO;1.1;0;0;0
7376;AUTO;4.08;0;0;0
7377;AUTO;354.09;0;0;0
7378;AUTO;3.07;0;0;0
7379;AUTO;1.47;0;0;0
7380;AUTO;47.08;0;0;0
7381;AUTO;2.31;0;0;0
7382;AUTO;1.01;0;0;0
7383;AUTO;1;0;0;0
7384;AUTO;1.1;0;0;0
7385;AUTO;1.34;0;0;0
7386;AUTO;5.65;0;0;0
7387;AUTO;2.94;0;0;0
7388;AUTO;16.49;0;0;0
7389;AUTO;19.47;0;0;0
7390;AUTO;1.59;0;0;0
7391;AUTO;1.12;0;0;0
7392;AUTO;2.22;0;0;0
7393;AUTO;1.31;0;0;0
7394;AUTO;1.73;0;0;0
7395;AUTO;20.81;0;0;0
7396;AUTO;1.37;0;0;0
7397;AUTO;1.76;0;0;0
7398;AUTO;10.16;0;0;0
7399;AUTO;2.34;0;0;0
7400;AUTO;1.02;0;0;0
7401;AUTO;6.87;0;0;0
7402;AUTO;2.24;0;0;0
7403;AUTO;1.13;0;0;0
7404;AUTO;3.01;0;0;0
7405;AUTO;1.65;0;0;0
7406;AUTO;4.51;0;0;0
7407;AUTO;1.31;0;0;0
7408;AUTO;1.43;0;0;0
7409;AUTO;1.69;0;0;0
7410;AUTO;1.58;0;0;0
7411;AUTO;2.09;0;0;0
7412;AUTO;3.67;0;0;0
7413;AUTO;47.69;0;0;0
7414;AUTO;1.02;0;0;0
7415;AUTO;3.4;0;0;0
7416;AUTO;1.84;0;0;0
7417;AUTO;16.18;0;0;0
7418;AUTO;2.24;0;0;0
7419;AUTO;5.37;0;0;0
7420;AUTO;1.34;0;0;0
7421;AUTO;1.22;0;0;0
7422;AUTO;2.4;0;0;0
7423;AUTO;1.59;0;0;0
7424;AUTO;1.01;0;0;0
7425;AUTO;2.07;0;0;0
7426;AUTO;4.33;0;0;0
7427;AUTO;8.12;0;0;0
7428;AUTO;1.11;0;0;0
7429;AUTO;3.57;0;0;0
7430;AUTO;7.07;0;0;0
7431;AUTO;2.44;0;0;0
7432;AUTO;5.39;0;0;0
7433;AUTO;1.43;0;0;0
7434;AUTO;2.93;0;0;0
7435;AUTO;4.23;0;0;0
7436;AUTO;1.3;0;0;0
7437;AUTO;23.06;0;0;0
7438;AUTO;20.92;0;0;0
7439;AUTO;1.91;0;0;0
7440;AUTO;1.6;0;0;0
7441;AUTO;1.15;0;0;0
7442;AUTO;1.03;0;0;0
7443;AUTO;2.58;0;0;0
7444;AUTO;1;0;0;0
7445;AUTO;1.07;0;0;0
7446;AUTO;2.84;0;0;0
7447;AUTO;2.55;0;0;0
7448;AUTO;1.75;0;0;0
7449;AUTO;1.09;0;0;0
7450;AUTO;3.82;0;0;0
7451;AUTO;83.92;0;0;0
7452;AUTO;1.11;0;0;0
7453;AUTO;2.23;0;0;0
7454;AUTO;6.16;0;0;0
7455;AUTO;2.22;0;0;0
7456;AUTO;1.63;0;0;0
7457;AUTO;32.95;0;0;0
7458;AUTO;1.01;0;0;0
7459;AUTO;24.19;0;0;0
7460;AUTO;2.42;0;0;0
7461;AUTO;1.91;0;0;0
7462;AUTO;2.08;0;0;0
7463;AUTO;1.17;0;0;0
7464;AUTO;1.17;0;0;0
7465;AUTO;5.47;0;0;0
7466;AUTO;1.01;0;0;0
7467;AUTO;1.18;0;0;0
7468;AUTO;1.49;0;0;0
7469;AUTO;6.19;0;0;0
7470;AUTO;33.95;0;0;0
7471;AUTO;5.08;0;0;0
7472;AUTO;1.9;0;0;0
7473;AUTO;5.89;0;0;0
7474;AUTO;1.2;0;0;0
7475;AUTO;1.81;0;0;0
7476;AUTO;1.12;0;0;0
7477;AUTO;1.82;0;0;0
7478;AUTO;1.14;0;0;0
7479;AUTO;1;0;0;0
7480;AUTO;23.48;0;0;0
7481;AUTO;7.21;0;0;0
7482;AUTO;1.25;0;0;0
7483;AUTO;10.95;0;0;0
7484;AUTO;10.82;0;0;0
7485;AUTO;1.29;0;0;0
7486;AUTO;2.79;0;0;0
7487;AUTO;1.95;0;0;0
7488;AUTO;1.76;0;0;0
7489;AUTO;1.85;0;0;0
7490;AUTO;1.16;0;0;0
7491;AUTO;1.99;0;0;0
7492;AUTO;1.29;0;0;0
7493;AUTO;2.28;0;0;0
7494;AUTO;1.19;0;0;0
7495;AUTO;2.74;0;0;0
7496;AUTO;2.97;0;0;0
7497;AUTO;5.87;0;0;0
7498;AUTO;1.72;0;0;0
7499;AUTO;17.39;0;0;0
7500;AUTO;1.31;0;0;0
7501;AUTO;5.01;0;0;0
7502;AUTO;1.31;0;0;0
7503;AUTO;3.43;0;0;0
7504;AUTO;1.14;0;0;0
7505;AUTO;1;0;0;0
7506;AUTO;1.56;0;0;0
7507;AUTO;1.32;0;0;0
7508;AUTO;15.53;0;0;0
7509;AUTO;1;0;0;0
7510;AUTO;1;0;0;0
7511;AUTO;3.15;0;0;0
7512;AUTO;1.03;0;0;0
7513;AUTO;3.6;0;0;0
7514;AUTO;1.57;0;0;0
7515;AUTO;1.15;0;0;0
7516;AUTO;1.33;0;0;0
7517;AUTO;4.16;0;0;0
7518;AUTO;3.27;0;0;0
7519;AUTO;2.87;0;0;0
7520;AUTO;9.13;0;0;0
7521;AUTO;1.52;0;0;0
7522;AUTO;2.51;0;0;0
7523;AUTO;103.25;0;0;0
7524;AUTO;5.42;0;0;0
7525;AUTO;1.27;0;0;0
7526;AUTO;1.39;0;0;0
7527;AUTO;1.05;0;0;0
7528;AUTO;1.11;0;0;0
7529;AUTO;14.1;0;0;0
7530;AUTO;1.14;0;0;0
7531;AUTO;1.41;0;0;0
7532;AUTO;5.16;0;0;0
7533;AUTO;1.61;0;0;0
7534;AUTO;1.09;0;0;0
7535;AUTO;3.17;0;0;0
7536;AUTO;23.28;0;0;0
7537;AUTO;9.56;0;0;0
7538;AUTO;5.62;0;0;0
7539;AUTO;1.24;0;0;0
7540;AUTO;1.67;0;0;0
7541;AUTO;1.46;0;0;0
7542;AUTO;1.34;0;0;0
7543;AUTO;3;0;0;0
7544;AUTO;1.31;0;0;0
7545;AUTO;1.42;0;0;0
7546;AUTO;1.17;0;0;0
7547;AUTO;2.26;0;0;0
7548;AUTO;6.97;0;0;0
7549;AUTO;1.29;0;0;0
7550;AUTO;1.74;0;0;0
7551;AUTO;2;0;0;0
7552;AUTO;4.68;0;0;0
7553;AUTO;3.41;0;0;0
7554;AUTO;1.36;0;0;0
7555;AUTO;1.83;0;0;0
7556;AUTO;6.12;0;0;0
7557;AUTO;1.19;0;0;0
7558;AUTO;7.75;0;0;0
7559;AUTO;6.08;0;0;0
7560;AUTO;2.04;0;0;0
7561;AUTO;1.09;0;0;0
7562;AUTO;3.44;0;0;0
7563;AUTO;4.51;0;0;0
7564;AUTO;1.12;0;0;0
7565;AUTO;1.98;0;0;0
7566;AUTO;3.03;0;0;0
7567;AUTO;1.28;0;0;0
7568;AUTO;1.59;0;0;0
7569;AUTO;12.06;0;0;0
7570;AUTO;24.49;0;0;0
7571;AUTO;1.58;0;0;0
7572;AUTO;1.41;0;0;0
7573;AUTO;1.03;0;0;0
7574;AUTO;1.36;0;0;0
7575;AUTO;22.36;0;0;0
7576;AUTO;1.4;0;0;0
7577;AUTO;1.28;0;0;0
7578;AUTO;2.02;0;0;0
7579;AUTO;2.58;0;0;0
7580;AUTO;1.2;0;0;0
7581;AUTO;5.34;0;0;0
7582;AUTO;1.19;0;0;0
7583;AUTO;2.19;0;0;0
7584;AUTO;1.29;0;0;0
7585;AUTO;4.51;0;0;0
7586;AUTO;3.79;0;0;0
7587;AUTO;6.56;0;0;0
7588;AUTO;2.16;0;0;0
7589;AUTO;2.41;0;0;0
7590;AUTO;2.7;0;0;0
7591;AUTO;1.92;0;0;0
7592;AUTO;13.85;0;0;0
7593;AUTO;1;0;0;0
7594;AUTO;8.47;0;0;0
7595;AUTO;1.79;0;0;0
7596;AUTO;1.28;0;0;0
7597;AUTO;4.64;0;0;0
7598;AUTO;1.03;0;0;0
7599;AUTO;279.03;0;0;0
7600;AUTO;4.78;0;0;0
7601;AUTO;2.62;0;0;0
7602;AUTO;1.74;0;0;0
7603;AUTO;1.3;0;0;0
7604;AUTO;1.97;0;0;0
7605;AUTO;1.85;0;0;0
7606;AUTO;1.6;0;0;0
7607;AUTO;1.77;0;0;0
7608;AUTO;11.8;0;0;0
7609;AUTO;1.27;0;0;0
7610;AUTO;1.6;0;0;0
7611;AUTO;1.46;0;0;0
7612;AUTO;1.98;0;0;0
7613;AUTO;1.12;0;0;0
7614;AUTO;1.34;0;0;0
7615;AUTO;2.09;0;0;0
7616;AUTO;1.58;0;0;0
7617;AUTO;2.07;0;0;0
7618;AUTO;1.64;0;0;0
7619;AUTO;1.74;0;0;0
7620;AUTO;18.33;0;0;0
7621;AUTO;1.32;0;0;0
7622;AUTO;2.23;0;0;0
7623;AUTO;41.14;0;0;0
7624;AUTO;3.28;0;0;0
7625;AUTO;1.27;0;0;0
7626;AUTO;6.89;0;0;0
7627;AUTO;1.68;0;0;0
7628;AUTO;4.71;0;0;0
7629;AUTO;2.17;0;0;0
7630;AUTO;4.93;0;0;0
7631;AUTO;1.42;0;0;0
7632;AUTO;1.16;0;0;0
7633;AUTO;47.07;0;0;0
7634;AUTO;2.77;0;0;0
7635;AUTO;3.33;0;0;0
7636;AUTO;1.16;0;0;0
7637;AUTO;1.61;0;0;0
7638;AUTO;1.2;0;0;0
7639;AUTO;1.56;0;0;0
7640;AUTO;3.54;0;0;0
7641;AUTO;1.06;0;0;0
7642;AUTO;45.6;0;0;0
7643;AUTO;4.62;0;0;0
7644;AUTO;5.17;0;0;0
7645;AUTO;1.9;0;0;0
7646;AUTO;1.34;0;0;0
7647;AUTO;1.8;0;0;0
7648;AUTO;1.06;0;0;0
7649;AUTO;1.66;0;0;0
7650;AUTO;4.12;0;0;0
7651;AUTO;3.85;0;0;0
7652;AUTO;4.65;0;0;0
7653;AUTO;1.07;0;0;0
7654;AUTO;1.93;0;0;0
7655;AUTO;2.51;0;0;0
7656;AUTO;19.12;0;0;0
7657;AUTO;3.14;0;0;0
7658;AUTO;2.32;0;0;0
7659;AUTO;3.03;0;0;0
7660;AUTO;2.02;0;0;0
7661;AUTO;1.56;0;0;0
7662;AUTO;1.02;0;0;0
7663;AUTO;1.08;0;0;0
7664;AUTO;5.9;0;0;0
7665;AUTO;2.48;0;0;0
7666;AUTO;1.44;0;0;0
7667;AUTO;8.17;0;0;0
7668;AUTO;3.11;0;0;0
7669;AUTO;1.79;0;0;0
7670;AUTO;1;0;0;0
7671;AUTO;1;0;0;0
7672;AUTO;2.58;0;0;0
7673;AUTO;33.93;0;0;0
7674;AUTO;1.2;0;0;0
7675;AUTO;6.96;0;0;0
7676;AUTO;1;0;0;0
7677;AUTO;3.36;0;0;0
7678;AUTO;12.5;0;0;0
7679;AUTO;5.15;0;0;0
7680;AUTO;5.86;0;0;0
7681;AUTO;1.25;0;0;0
7682;AUTO;1;0;0;0
7683;AUTO;1.02;0;0;0
7684;AUTO;1.19;0;0;0
7685;AUTO;2.21;0;0;0
7686;AUTO;1.09;0;0;0
7687;AUTO;1.02;0;0;0
7688;AUTO;1.6;0;0;0
7689;AUTO;1;0;0;0
7690;AUTO;1.25;0;0;0
7691;AUTO;1.95;0;0;0
7692;AUTO;1;0;0;0
7693;AUTO;3.44;0;0;0
7694;AUTO;3.05;0;0;0
7695;AUTO;11.42;0;0;0
7696;AUTO;5.15;0;0;0
7697;AUTO;1.04;0;0;0
7698;AUTO;34.04;0;0;0
7699;AUTO;2.99;0;0;0
7700;AUTO;3.92;0;0;0
7701;AUTO;1.24;0;0;0
7702;AUTO;1.33;0;0;0
7703;AUTO;1;0;0;0
7704;AUTO;1.1;0;0;0
7705;AUTO;1.63;0;0;0
7706;AUTO;5.48;0;0;0
7707;AUTO;3.32;0;0;0
7708;AUTO;2.93;0;0;0
7709;AUTO;3.01;0;0;0
7710;AUTO;1.89;0;0;0
7711;AUTO;4.19;0;0;0
7712;AUTO;5.13;0;0;0
7713;AUTO;1.08;0;0;0
7714;AUTO;1.34;0;0;0
7715;AUTO;1.25;0;0;0
